id,category,sub-category,district,circle,village,latitude,longitude,How many times did you go there until it was open?,What is the type of the road available to the asset?,How much distance should one travel to avail public transport facility? (in K.M),How many school buses go to this asset?,What is the type of the mobile network available at the asset?,What are different Mobile network service providers available at the location?,What is the type of structure of this asset?,What is the type of security available for the asset?,What is the total campus area?,What are the working hours of the facility?(Ex: 9.00A.M-5.A.M),What are the working days of the facility?,How many teachers are employed in the facility?,How many support staff are employed in the facility?,Where do you get drinking water from?,How much do you pay per litre of bottled water? (In Rupees),Are there toilets available seperately as per gender?,Is there running water available in the toilets at this asset?,Is there soap for handwash available next to the sink?,How do you deal with the waste generated from the facility?,Are the premises cleaned with disinfectant regularly?,How frequently are the premises cleaned with disinfectant in a week?,Do you have grid connection for energy supply?,How many hours per day are you facing power cuts?,What is the alternative energy source available in the facility?,How many hours do you rely on the alternative energy source in a day?,Do you have landline connectivity?,Do you have wired internet connection?,How do you maintain records?,What are the areas you get support from government agencies?,Where do you majorly get textbooks for educational purposes?,Where do you get the curriculum for classes and educational programs?,Are you using digital tools for your operations?,Are there checkups or medical facilities available?,What is the frequency of these checkups?,Are there any meals served?,Is the nutritional value monitored?,Is there presence of any recreational/playing material for the kids?,What kind of residential facilities are available?,How many classrooms are there in the institute ?,Does the institute have a hall or auditorium?,Which labs are present in the institute?,Does the institute have a designated library?,How many people are students at this asset?,Apart from academics what are the co-curricular activities available for students ?,What is the percentage of drop-outs?,What is the reason for dropouts?,Are there any disaster management courses or drills practice at the institute?,"Is this a primary, secondary, or senior secondary school?",Are there any counselors at this institute?,Do parent-teacher meetings take place?,How often do parent-teacher meetings occur?,Does the institute require uniforms?,Are the teachers certified?,How frequently does the teacher trainer visit the school?,Which Board/University is this school affiliated with?,access,road_connectivity,public_transport,school_buses,mobile_connectivity,accessibility,building_type,security,land,infrastructure,observation,working_hours,working_days,availability,teachers,support_staff,employability,drinking_water,water,toilets,waste_management,general_cleanliness,sanitation,electricity,energy,alternate_energy,telephone,broadband,mobile,communication,records,record_maintenance,support,govt_support,textbooks,curriculum,educational_materials,awareness,digital_technologies,checkups,meals,health,recreational,residential,classrooms,auditorium,labs,libraries,facilities,enrollment_population,extra_curriculars,dropouts,educational_statistics,disaster_drills,disaster_preparedness,general,school_type,counselors,parent_teacher_meetings,uniforms,certification,training,general_information,affiliation,partnerships,specific,overall score,,
2506.00,Education,Schools,Tawang,Kitpi,Kitpi,27.58,91.90,1.00,0.50,0.96,0.00,0.33,0.60,1.00,0.25,1.00,0.88,0.86,0.08,0.00,0.50,0.00,1.00,1.00,0.00,0.25,0.00,0.00,1.00,0.00,0.27,0.67,0.00,0.00,0.14,0.86,0.18,0.33,0.00,1.00,0.20,1.00,1.00,0.00,0.00,0.10,0.00,0.25,0.00,0.02,0.60,0.67,0.17,0.00,0.33,0.00,1.00,0.25,1.00,1.00,0.50,1.00,100.00,50.00,96.00,0.00,33.33,52.53,100.00,25.00,100.00,85.00,65.52,87.50,85.71,86.61,8.00,0.00,4.80,45.00,45.00,70.00,25.00,0.00,35.50,50.00,50.00,46.97,0.00,0.00,60.00,18.00,14.29,14.29,85.71,85.71,18.18,33.33,27.27,0.00,0.00,68.00,100.00,87.20,0.00,0.00,10.00,0.00,25.00,0.00,8.00,1.75,60.00,36.67,26.03,0.00,0.00,33.52,33.33,0.00,70.00,100.00,100.00,50.00,57.00,100.00,100.00,65.60,55.95,,
2660.00,Education,Schools,Tawang,Lumla,Manpat,27.54,91.72,1.00,1.00,0.94,0.00,0.00,0.60,1.00,0.25,1.00,0.65,0.86,0.28,0.11,0.50,0.00,0.00,1.00,1.00,0.50,1.00,0.62,0.00,0.00,0.00,0.00,0.00,0.00,0.14,0.43,0.09,0.00,0.00,1.00,0.00,0.00,0.00,1.00,0.50,0.16,0.00,0.25,0.00,0.09,0.80,0.67,0.17,0.00,0.33,0.00,1.00,0.75,1.00,1.00,0.00,0.75,100.00,100.00,94.00,0.00,0.00,58.80,100.00,25.00,100.00,85.00,69.28,64.58,85.71,75.15,28.00,11.11,21.24,45.00,45.00,60.00,50.00,81.25,63.38,0.00,0.00,0.00,0.00,0.00,60.00,18.00,14.29,14.29,42.86,42.86,9.09,0.00,3.64,0.00,0.00,60.00,0.00,24.00,100.00,50.00,16.00,0.00,25.00,0.00,32.30,9.38,80.00,36.67,35.08,0.00,0.00,23.86,33.33,0.00,90.00,100.00,100.00,0.00,49.00,75.00,75.00,54.20,50.37,,
2662.00,Education,Schools,Tawang,Lumla,Manpat,27.53,91.71,0.75,1.00,0.70,0.00,0.67,0.60,1.00,0.00,1.00,0.84,0.86,0.20,0.44,0.50,0.00,0.00,0.00,0.00,0.25,1.00,0.75,1.00,0.50,0.00,0.00,0.00,0.00,0.14,0.43,0.36,0.33,0.00,1.00,0.00,1.00,1.00,0.00,0.50,0.16,0.00,0.25,0.00,0.24,0.80,0.67,0.17,0.00,0.33,0.00,1.00,0.50,1.00,1.00,0.00,0.75,75.00,100.00,70.00,0.00,66.67,55.67,100.00,0.00,100.00,80.00,65.40,84.38,85.71,85.04,20.00,44.44,29.78,45.00,45.00,0.00,25.00,87.50,33.75,75.00,75.00,0.00,0.00,0.00,60.00,18.00,14.29,14.29,42.86,42.86,36.36,33.33,34.55,0.00,0.00,60.00,100.00,84.00,0.00,50.00,16.00,0.00,25.00,0.00,12.30,24.38,80.00,36.67,41.08,0.00,0.00,35.61,33.33,0.00,80.00,100.00,100.00,0.00,48.00,75.00,75.00,53.40,52.26,,
2666.00,Education,Schools,Tawang,Lumla,Lumla,27.54,91.73,1.00,0.50,0.60,0.00,0.00,0.60,1.00,0.00,1.00,0.75,0.86,0.28,0.11,0.50,0.00,1.00,1.00,1.00,0.50,1.00,0.25,1.00,0.50,0.09,0.00,0.00,0.00,0.14,0.71,0.36,0.33,1.00,1.00,0.00,1.00,1.00,1.00,0.50,0.18,1.00,0.25,0.00,0.12,0.60,0.67,0.17,0.00,0.33,1.00,1.00,0.25,1.00,1.00,0.50,0.75,100.00,50.00,60.00,0.00,0.00,42.00,100.00,0.00,100.00,80.00,57.20,75.00,85.71,80.36,28.00,11.11,21.24,45.00,45.00,100.00,50.00,62.50,73.75,75.00,75.00,4.55,0.00,0.00,60.00,18.00,14.29,14.29,71.43,71.43,36.36,33.33,34.55,100.00,100.00,60.00,100.00,84.00,100.00,50.00,18.00,100.00,25.00,0.00,37.90,11.88,60.00,36.67,30.08,0.00,0.00,45.19,33.33,100.00,70.00,100.00,100.00,50.00,67.00,75.00,75.00,68.60,57.59,,
2736.00,Education,Schools,Tawang,Mukto,Gomkelling,27.55,91.93,0.25,0.00,0.90,0.00,0.00,0.60,1.00,0.25,1.00,0.81,0.86,0.08,0.06,0.50,0.00,1.00,1.00,1.00,0.00,0.00,0.00,1.00,0.50,0.00,0.00,0.00,0.00,0.14,0.00,0.36,0.33,0.00,0.00,0.00,1.00,1.00,1.00,0.00,0.12,0.00,0.25,0.00,0.01,0.60,0.67,0.17,0.00,0.33,0.00,1.00,0.50,1.00,1.00,0.00,0.75,25.00,0.00,90.00,0.00,0.00,23.00,100.00,25.00,100.00,85.00,47.80,81.25,85.71,83.48,8.00,5.56,7.02,45.00,45.00,100.00,0.00,0.00,40.00,75.00,75.00,0.00,0.00,0.00,60.00,18.00,14.29,14.29,0.00,0.00,36.36,33.33,34.55,0.00,0.00,0.00,100.00,60.00,100.00,0.00,12.00,0.00,25.00,0.00,28.60,0.62,60.00,36.67,25.58,0.00,0.00,31.08,33.33,0.00,80.00,100.00,100.00,0.00,48.00,75.00,75.00,53.40,44.75,,
2778.00,Education,Schools,Tawang,Mukto,Mukto,27.54,91.93,0.25,1.00,1.00,0.00,0.00,0.60,1.00,0.50,1.00,0.38,1.00,0.32,0.22,0.50,0.00,1.00,1.00,1.00,0.00,1.00,0.50,1.00,0.00,0.18,0.67,0.00,1.00,0.29,0.86,0.36,0.33,1.00,1.00,0.80,1.00,1.00,1.00,0.00,0.20,1.00,0.75,1.00,0.12,0.80,0.67,0.17,1.00,0.33,1.00,1.00,0.25,0.00,1.00,1.00,0.75,25.00,100.00,100.00,0.00,0.00,45.00,100.00,50.00,100.00,90.00,63.00,37.50,100.00,68.75,32.00,22.22,28.09,45.00,45.00,100.00,0.00,75.00,62.50,50.00,50.00,42.42,0.00,100.00,60.00,48.00,28.57,28.57,85.71,85.71,36.36,33.33,34.55,100.00,100.00,92.00,100.00,96.80,100.00,0.00,20.00,100.00,75.00,100.00,66.00,12.50,80.00,36.67,36.33,100.00,100.00,55.82,33.33,100.00,70.00,0.00,100.00,100.00,67.00,75.00,75.00,68.60,62.81,,
2779.00,Education,Schools,Tawang,Mukto,Mukto,27.55,91.93,0.25,0.00,0.94,0.00,0.00,0.60,1.00,0.25,1.00,0.75,0.86,0.52,0.06,0.50,0.00,1.00,1.00,1.00,0.25,0.00,0.00,1.00,0.00,0.00,0.00,0.00,0.00,0.14,0.71,0.36,0.33,0.00,0.00,0.00,1.00,0.00,0.00,0.00,0.16,0.00,0.25,1.00,0.07,0.60,0.67,0.17,1.00,0.33,0.00,1.00,0.75,1.00,1.00,1.00,0.75,25.00,0.00,94.00,0.00,0.00,23.80,100.00,25.00,100.00,85.00,48.28,75.00,85.71,80.36,52.00,5.56,33.42,45.00,45.00,100.00,25.00,0.00,47.50,50.00,50.00,0.00,0.00,0.00,60.00,18.00,14.29,14.29,71.43,71.43,36.36,33.33,34.55,0.00,0.00,0.00,60.00,36.00,0.00,0.00,16.00,0.00,25.00,100.00,29.80,6.62,60.00,36.67,27.98,100.00,100.00,39.05,33.33,0.00,90.00,100.00,100.00,100.00,69.00,75.00,75.00,70.20,53.18,,
2816.00,Education,Schools,Tawang,Mukto,Mukto,27.55,91.91,0.25,1.00,0.96,0.00,0.00,0.60,1.00,0.00,1.00,0.62,0.86,0.20,0.06,0.50,0.00,1.00,1.00,0.00,0.25,0.00,0.00,1.00,0.00,0.00,0.00,0.00,0.00,0.14,0.71,0.36,0.33,0.00,0.00,0.00,1.00,1.00,0.00,0.00,0.08,0.00,0.25,0.00,0.03,0.60,0.67,0.17,0.00,0.33,0.00,1.00,0.50,1.00,1.00,1.00,0.75,25.00,100.00,96.00,0.00,0.00,44.20,100.00,0.00,100.00,80.00,58.52,62.50,85.71,74.11,20.00,5.56,14.22,45.00,45.00,70.00,25.00,0.00,35.50,50.00,50.00,0.00,0.00,0.00,60.00,18.00,14.29,14.29,71.43,71.43,36.36,33.33,34.55,0.00,0.00,0.00,100.00,60.00,0.00,0.00,8.00,0.00,25.00,0.00,7.40,2.62,60.00,36.67,26.38,0.00,0.00,30.10,33.33,0.00,80.00,100.00,100.00,100.00,68.00,75.00,75.00,69.40,53.80,,
2857.00,Education,Schools,Lower Subansiri,Yachuli,Toon,27.46,93.78,0.50,0.25,0.60,0.00,0.67,0.60,1.00,0.00,1.00,0.62,0.86,0.28,0.00,0.50,0.00,0.00,0.00,0.00,0.25,0.00,0.00,1.00,0.00,0.00,0.00,0.00,0.00,0.14,0.43,0.36,0.17,0.00,0.00,0.00,1.00,1.00,0.00,0.00,0.10,0.00,0.25,0.00,0.04,0.20,0.67,0.17,0.00,0.33,0.00,1.00,0.25,1.00,1.00,0.83,1.00,50.00,25.00,60.00,0.00,66.67,33.67,100.00,0.00,100.00,80.00,52.20,62.50,85.71,74.11,28.00,0.00,16.80,45.00,45.00,0.00,25.00,0.00,7.50,50.00,50.00,0.00,0.00,0.00,60.00,18.00,14.29,14.29,42.86,42.86,36.36,16.67,24.55,0.00,0.00,0.00,100.00,60.00,0.00,0.00,10.00,0.00,25.00,0.00,8.00,4.00,20.00,36.67,14.93,0.00,0.00,26.02,33.33,0.00,70.00,100.00,100.00,83.33,63.67,100.00,100.00,70.93,50.90,,
3119.00,Education,Schools,Papumpare,Doimukh,Chiputa,27.18,93.78,1.00,1.00,0.80,0.00,0.00,0.20,1.00,0.00,1.00,0.38,0.86,0.16,0.00,0.50,0.00,1.00,0.00,0.00,0.25,0.00,0.00,0.00,0.00,0.00,0.00,0.00,0.00,0.14,0.43,0.36,0.33,0.00,0.00,0.00,0.00,0.00,0.00,0.00,0.08,0.00,0.25,0.00,0.03,0.20,0.67,0.17,0.00,0.33,0.00,1.00,0.25,0.00,1.00,0.00,0.75,100.00,100.00,80.00,0.00,0.00,56.00,100.00,0.00,100.00,80.00,65.60,37.50,85.71,61.61,16.00,0.00,9.60,45.00,45.00,40.00,25.00,0.00,23.50,0.00,0.00,0.00,0.00,0.00,20.00,6.00,14.29,14.29,42.86,42.86,36.36,33.33,34.55,0.00,0.00,0.00,0.00,0.00,0.00,0.00,8.00,0.00,25.00,0.00,7.40,3.12,20.00,36.67,14.58,0.00,0.00,17.80,33.33,0.00,70.00,0.00,100.00,0.00,37.00,75.00,75.00,44.60,43.91,,
3139.00,Education,Schools,West Kameng,Shergaon,Shergaon,27.12,92.25,0.25,1.00,0.00,0.00,0.00,0.40,1.00,0.25,1.00,0.75,0.86,0.48,0.22,0.50,0.00,0.00,1.00,1.00,0.25,1.00,0.38,1.00,0.00,0.18,1.00,0.00,0.00,0.29,0.14,0.27,0.17,0.00,1.00,0.80,1.00,1.00,0.00,0.50,0.24,1.00,0.50,1.00,0.54,0.60,0.67,0.17,1.00,0.33,0.00,1.00,1.00,0.00,1.00,0.00,0.75,25.00,100.00,0.00,0.00,0.00,25.00,100.00,25.00,100.00,85.00,49.00,75.00,85.71,80.36,48.00,22.22,37.69,45.00,45.00,60.00,25.00,68.75,52.12,50.00,50.00,59.09,0.00,0.00,40.00,12.00,28.57,28.57,14.29,14.29,27.27,16.67,20.91,0.00,0.00,92.00,100.00,96.80,0.00,50.00,24.00,100.00,50.00,100.00,44.70,53.75,60.00,36.67,46.83,100.00,100.00,44.33,33.33,0.00,100.00,0.00,100.00,0.00,40.00,75.00,75.00,47.00,46.90,,
3180.00,Education,Schools,West Kameng,Dirang,Dirang,27.34,92.27,0.50,1.00,0.94,0.25,0.00,0.60,1.00,0.00,1.00,0.62,0.86,0.48,0.22,0.50,0.00,1.00,0.00,1.00,0.00,1.00,0.38,0.00,0.00,0.36,0.67,0.00,0.00,0.14,0.00,0.18,0.17,0.00,0.00,0.00,1.00,0.00,0.00,0.50,0.20,1.00,0.25,0.00,0.15,0.60,0.67,0.17,1.00,0.33,0.00,1.00,1.00,1.00,1.00,1.00,0.75,50.00,100.00,94.00,25.00,0.00,56.30,100.00,0.00,100.00,80.00,65.78,62.50,85.71,74.11,48.00,22.22,37.69,45.00,45.00,70.00,0.00,68.75,48.62,0.00,0.00,51.52,0.00,0.00,60.00,18.00,14.29,14.29,0.00,0.00,18.18,16.67,17.27,0.00,0.00,0.00,60.00,36.00,0.00,50.00,20.00,100.00,25.00,0.00,18.50,14.75,60.00,36.67,31.23,100.00,100.00,30.53,33.33,0.00,100.00,100.00,100.00,100.00,70.00,75.00,75.00,71.00,57.03,,
3357.00,Education,Schools,Lower Subansiri,Ziro,Hija,27.63,93.88,0.25,0.25,0.40,0.00,0.33,0.60,1.00,0.25,1.00,0.50,0.86,0.20,0.11,0.50,0.00,0.00,0.00,0.00,0.25,0.00,0.00,0.00,0.00,0.00,0.00,0.00,0.00,0.14,0.29,0.09,0.17,0.00,0.00,0.00,0.00,0.00,0.00,0.00,0.10,0.00,0.25,0.00,0.01,0.20,0.67,0.17,0.00,0.33,0.00,0.00,0.00,1.00,1.00,0.00,0.75,25.00,25.00,40.00,0.00,33.33,21.33,100.00,25.00,100.00,85.00,46.80,50.00,85.71,67.86,20.00,11.11,16.44,45.00,45.00,0.00,25.00,0.00,7.50,0.00,0.00,0.00,0.00,0.00,60.00,18.00,14.29,14.29,28.57,28.57,9.09,16.67,13.64,0.00,0.00,0.00,0.00,0.00,0.00,0.00,10.00,0.00,25.00,0.00,8.00,1.00,20.00,36.67,13.73,0.00,0.00,15.81,33.33,0.00,0.00,100.00,100.00,0.00,40.00,75.00,75.00,47.00,37.57,,
3554.00,Education,Schools,Lower Subansiri,Ziro,Hari,27.58,93.86,0.25,0.50,0.00,0.00,0.00,0.60,1.00,0.00,1.00,0.00,0.14,0.04,0.06,0.00,0.00,0.00,0.00,0.00,0.00,0.00,0.00,0.00,0.00,0.00,0.00,0.00,0.00,0.14,0.43,0.36,0.17,0.00,0.00,0.00,0.00,0.00,0.00,0.50,0.04,0.00,0.25,0.00,0.01,0.20,0.67,0.17,0.00,0.33,0.00,0.00,0.00,1.00,1.00,0.00,1.00,25.00,50.00,0.00,0.00,0.00,15.00,100.00,0.00,100.00,80.00,41.00,0.00,14.29,7.14,4.00,5.56,4.62,0.00,0.00,0.00,0.00,0.00,0.00,0.00,0.00,0.00,0.00,0.00,60.00,18.00,14.29,14.29,42.86,42.86,36.36,16.67,24.55,0.00,0.00,0.00,0.00,0.00,0.00,50.00,4.00,0.00,25.00,0.00,8.70,0.62,20.00,36.67,13.58,0.00,0.00,8.58,33.33,0.00,0.00,100.00,100.00,0.00,40.00,100.00,100.00,52.00,35.12,,
3856.00,Education,Schools,Papumpare,Doimukh,Chiputa,27.18,93.78,0.75,0.50,0.00,0.25,0.00,0.80,0.00,0.25,1.00,0.62,0.86,0.40,0.28,0.33,0.00,1.00,1.00,1.00,0.25,1.00,0.88,1.00,0.50,0.36,0.67,0.00,0.00,0.14,0.00,0.09,0.17,0.00,1.00,0.00,1.00,0.00,1.00,0.50,0.20,0.00,0.25,1.00,0.14,0.60,0.67,0.17,0.00,0.33,0.00,1.00,0.25,1.00,1.00,0.00,0.75,75.00,50.00,0.00,25.00,0.00,32.50,0.00,25.00,100.00,55.00,41.50,62.50,85.71,74.11,40.00,27.78,35.11,30.00,30.00,100.00,25.00,93.75,75.62,75.00,75.00,51.52,0.00,0.00,80.00,24.00,14.29,14.29,0.00,0.00,9.09,16.67,13.64,0.00,0.00,60.00,60.00,60.00,100.00,50.00,20.00,0.00,25.00,100.00,53.50,13.75,60.00,36.67,30.83,0.00,0.00,37.24,33.33,0.00,70.00,100.00,100.00,0.00,47.00,75.00,75.00,52.60,44.11,,
4218.00,Education,Schools,Lower Subansiri,Ziro,Hija,27.60,93.86,0.25,0.00,0.60,0.00,0.33,0.60,1.00,0.00,1.00,0.38,0.71,0.00,0.00,0.50,0.00,0.00,0.00,0.00,0.25,1.00,0.12,0.00,0.00,0.00,0.00,0.00,0.00,0.14,0.00,0.00,0.17,0.00,0.00,0.00,0.00,0.00,0.00,0.00,0.06,0.00,0.25,0.00,0.00,0.20,0.67,0.17,0.00,0.33,0.00,0.00,0.00,0.00,0.00,0.00,0.75,25.00,0.00,60.00,0.00,33.33,20.33,100.00,0.00,100.00,80.00,44.20,37.50,71.43,54.46,0.00,0.00,0.00,45.00,45.00,0.00,25.00,56.25,24.38,0.00,0.00,0.00,0.00,0.00,60.00,18.00,14.29,14.29,0.00,0.00,0.00,16.67,10.00,0.00,0.00,0.00,0.00,0.00,0.00,0.00,6.00,0.00,25.00,0.00,6.80,0.00,20.00,36.67,13.33,0.00,0.00,12.40,33.33,0.00,0.00,0.00,0.00,0.00,10.00,75.00,75.00,23.00,27.24,,
4434.00,Education,Schools,Tawang,Lumla,Manpat,27.53,91.70,1.00,0.50,0.00,0.00,0.00,0.20,1.00,0.25,1.00,0.88,0.86,0.48,0.28,0.50,0.00,1.00,1.00,1.00,0.25,1.00,0.62,1.00,0.00,0.00,0.00,0.00,0.00,0.14,0.71,0.36,0.33,1.00,0.00,0.00,0.00,1.00,1.00,0.50,0.30,1.00,0.25,0.00,0.38,0.60,0.67,0.17,1.00,0.33,0.00,1.00,0.75,1.00,1.00,0.00,0.75,100.00,50.00,0.00,0.00,0.00,30.00,100.00,25.00,100.00,85.00,52.00,87.50,85.71,86.61,48.00,27.78,39.91,45.00,45.00,100.00,25.00,81.25,71.88,50.00,50.00,0.00,0.00,0.00,20.00,6.00,14.29,14.29,71.43,71.43,36.36,33.33,34.55,100.00,100.00,0.00,40.00,24.00,100.00,50.00,30.00,100.00,25.00,0.00,41.50,37.50,60.00,36.67,40.33,100.00,100.00,46.82,33.33,0.00,90.00,100.00,100.00,0.00,49.00,75.00,75.00,54.20,51.22,,
4529.00,Education,Schools,Lower Subansiri,Ziro,Hija,27.59,93.80,0.25,1.00,0.60,0.00,0.33,0.60,1.00,0.00,1.00,0.38,0.71,0.00,0.00,0.50,0.00,1.00,0.00,0.00,0.00,0.00,0.12,0.00,0.00,0.00,0.00,0.00,0.00,0.14,0.00,0.00,0.17,0.00,0.00,0.00,0.00,0.00,0.00,0.00,0.06,0.00,0.25,0.00,0.00,0.20,0.67,0.17,0.00,0.33,0.00,0.00,0.00,0.00,0.00,0.00,0.75,25.00,100.00,60.00,0.00,33.33,40.33,100.00,0.00,100.00,80.00,56.20,37.50,71.43,54.46,0.00,0.00,0.00,45.00,45.00,40.00,0.00,6.25,17.88,0.00,0.00,0.00,0.00,0.00,60.00,18.00,14.29,14.29,0.00,0.00,0.00,16.67,10.00,0.00,0.00,0.00,0.00,0.00,0.00,0.00,6.00,0.00,25.00,0.00,6.80,0.00,20.00,36.67,13.33,0.00,0.00,12.08,33.33,0.00,0.00,0.00,0.00,0.00,10.00,75.00,75.00,23.00,31.34,,
4723.00,Education,Schools,Lower Subansiri,Old Ziro,Kalung Reru,27.59,93.85,0.25,1.00,0.80,0.00,0.33,0.60,1.00,0.50,1.00,0.88,0.86,1.00,0.11,0.00,0.00,1.00,1.00,0.00,0.25,1.00,1.00,0.00,0.00,0.00,0.00,0.00,0.00,0.14,0.00,0.36,0.17,0.00,1.00,0.20,0.00,0.00,0.00,0.00,0.16,1.00,0.25,0.00,0.06,0.60,0.00,0.17,1.00,0.33,1.00,0.00,0.00,0.00,1.00,0.17,1.00,25.00,100.00,80.00,0.00,33.33,44.33,100.00,50.00,100.00,90.00,62.60,87.50,85.71,86.61,100.00,11.11,64.44,0.00,0.00,70.00,25.00,100.00,65.50,0.00,0.00,0.00,0.00,0.00,60.00,18.00,14.29,14.29,0.00,0.00,36.36,16.67,24.55,0.00,0.00,68.00,0.00,27.20,0.00,0.00,16.00,100.00,25.00,0.00,14.80,6.25,60.00,10.00,22.50,100.00,100.00,27.08,33.33,100.00,0.00,0.00,100.00,16.67,43.33,100.00,100.00,54.67,49.17,,
4867.00,Education,Schools,Papumpare,Doimukh,Soppo,27.21,93.80,1.00,1.00,0.80,0.00,0.00,0.60,1.00,0.00,1.00,0.75,0.86,0.04,0.06,0.50,0.00,0.00,0.00,0.00,0.00,0.00,0.00,1.00,0.00,0.00,0.00,0.00,0.00,0.14,0.43,0.36,0.17,0.00,0.00,0.00,0.00,0.00,0.00,0.00,0.08,0.00,0.25,0.00,0.01,0.20,0.00,0.50,0.00,0.33,0.00,0.00,0.00,1.00,1.00,0.00,0.75,100.00,100.00,80.00,0.00,0.00,56.00,100.00,0.00,100.00,80.00,65.60,75.00,85.71,80.36,4.00,5.56,4.62,45.00,45.00,0.00,0.00,0.00,0.00,50.00,50.00,0.00,0.00,0.00,60.00,18.00,14.29,14.29,42.86,42.86,36.36,16.67,24.55,0.00,0.00,0.00,0.00,0.00,0.00,0.00,8.00,0.00,25.00,0.00,7.40,1.50,20.00,30.00,12.60,0.00,0.00,21.56,33.33,0.00,0.00,100.00,100.00,0.00,40.00,75.00,75.00,47.00,45.88,,
5004.00,Education,Schools,Lower Subansiri,Ziro (Sadar),Hong Niitii,27.56,93.85,0.25,0.50,0.20,0.00,0.67,0.60,1.00,0.00,1.00,0.00,0.14,0.00,0.00,0.00,0.00,1.00,0.00,0.00,0.00,0.00,0.00,0.00,0.00,0.00,0.00,0.00,0.00,0.14,0.14,0.00,0.17,0.00,0.00,0.00,0.00,0.00,0.00,0.00,0.12,0.00,0.25,0.00,0.00,0.20,0.67,0.17,0.00,0.33,0.00,0.00,0.00,0.00,0.00,0.00,1.00,25.00,50.00,20.00,0.00,66.67,25.67,100.00,0.00,100.00,80.00,47.40,0.00,14.29,7.14,0.00,0.00,0.00,0.00,0.00,40.00,0.00,0.00,16.00,0.00,0.00,0.00,0.00,0.00,60.00,18.00,14.29,14.29,14.29,14.29,0.00,16.67,10.00,0.00,0.00,0.00,0.00,0.00,0.00,0.00,12.00,0.00,25.00,0.00,8.60,0.00,20.00,36.67,13.33,0.00,0.00,6.01,33.33,0.00,0.00,0.00,0.00,0.00,10.00,100.00,100.00,28.00,28.19,,
5028.00,Education,Schools,Papumpare,Itanagar,Ganga,27.09,93.59,1.00,1.00,0.80,0.00,0.00,0.80,1.00,0.25,1.00,0.81,0.86,1.00,0.39,0.50,0.00,1.00,1.00,1.00,0.00,1.00,1.00,1.00,0.50,0.00,0.00,0.00,0.00,0.29,0.43,0.36,0.33,0.00,1.00,0.40,1.00,0.00,0.00,0.50,0.24,0.00,0.25,0.00,0.88,0.40,0.67,0.17,1.00,0.33,0.00,1.00,0.75,1.00,1.00,0.17,0.75,100.00,100.00,80.00,0.00,0.00,56.00,100.00,25.00,100.00,85.00,67.60,81.25,85.71,83.48,100.00,38.89,75.56,45.00,45.00,100.00,0.00,100.00,70.00,75.00,75.00,0.00,0.00,0.00,80.00,24.00,28.57,28.57,42.86,42.86,36.36,33.33,34.55,0.00,0.00,76.00,60.00,66.40,0.00,50.00,24.00,0.00,25.00,0.00,14.70,88.12,40.00,36.67,54.58,100.00,100.00,47.97,33.33,0.00,90.00,100.00,100.00,16.67,52.33,75.00,75.00,56.87,57.96,,
5075.00,Education,Schools,Lower Subansiri,Ziro,Dutta,27.56,93.87,0.25,1.00,0.90,0.75,0.33,0.60,1.00,1.00,1.00,1.00,0.86,0.56,0.28,0.50,0.00,1.00,1.00,1.00,0.25,1.00,1.00,0.00,0.00,0.00,0.00,0.00,0.00,0.14,0.00,0.18,0.00,0.00,1.00,0.20,1.00,1.00,1.00,0.50,0.28,0.00,0.25,1.00,0.06,0.40,0.67,0.17,0.00,0.33,0.00,0.00,0.00,1.00,1.00,1.00,0.75,25.00,100.00,90.00,75.00,33.33,68.83,100.00,100.00,100.00,100.00,81.30,100.00,85.71,92.86,56.00,27.78,44.71,45.00,45.00,100.00,25.00,100.00,77.50,0.00,0.00,0.00,0.00,0.00,60.00,18.00,14.29,14.29,0.00,0.00,18.18,0.00,7.27,0.00,0.00,68.00,100.00,87.20,100.00,50.00,28.00,0.00,25.00,100.00,55.90,6.25,40.00,36.67,21.83,0.00,0.00,30.87,33.33,0.00,0.00,100.00,100.00,100.00,60.00,75.00,75.00,63.00,59.77,,
5125.00,Education,Schools,Lower Subansiri,Ziro,Modang Tage,27.57,93.83,0.50,1.00,0.00,0.50,0.00,0.60,1.00,0.50,1.00,0.88,0.86,0.24,0.22,0.50,0.00,1.00,1.00,0.00,0.25,1.00,0.62,1.00,0.00,0.27,1.00,0.00,0.00,0.29,0.00,0.09,0.17,1.00,1.00,0.80,0.00,0.00,1.00,0.00,0.10,0.00,0.25,0.00,0.05,0.60,0.67,0.33,0.00,0.33,1.00,1.00,1.00,1.00,1.00,1.00,1.00,50.00,100.00,0.00,50.00,0.00,45.00,100.00,50.00,100.00,90.00,63.00,87.50,85.71,86.61,24.00,22.22,23.29,45.00,45.00,70.00,25.00,81.25,59.88,50.00,50.00,63.64,0.00,0.00,60.00,18.00,28.57,28.57,0.00,0.00,9.09,16.67,13.64,100.00,100.00,92.00,0.00,36.80,100.00,0.00,10.00,0.00,25.00,0.00,28.00,4.62,60.00,46.67,29.18,0.00,0.00,37.13,33.33,100.00,100.00,100.00,100.00,100.00,80.00,100.00,100.00,84.00,62.59,,
5160.00,Education,Schools,Lower Subansiri,Ziro,Keiliya,27.54,93.80,0.25,1.00,0.40,0.00,0.33,0.60,1.00,0.25,1.00,0.62,0.86,0.44,0.11,0.50,0.00,1.00,1.00,1.00,0.00,1.00,0.75,0.00,0.00,0.00,0.00,0.00,0.00,0.14,0.00,0.36,0.33,0.00,1.00,0.20,0.00,0.00,0.00,0.00,0.16,0.00,0.25,0.00,0.05,0.20,0.67,0.17,0.00,0.33,0.00,0.00,0.00,1.00,1.00,1.00,0.75,25.00,100.00,40.00,0.00,33.33,36.33,100.00,25.00,100.00,85.00,55.80,62.50,85.71,74.11,44.00,11.11,30.84,45.00,45.00,100.00,0.00,87.50,66.25,0.00,0.00,0.00,0.00,0.00,60.00,18.00,14.29,14.29,0.00,0.00,36.36,33.33,34.55,0.00,0.00,68.00,0.00,27.20,0.00,0.00,16.00,0.00,25.00,0.00,9.80,4.88,20.00,36.67,15.28,0.00,0.00,22.78,33.33,0.00,0.00,100.00,100.00,100.00,60.00,75.00,75.00,63.00,48.41,,
5174.00,Education,Schools,Lower Subansiri,Ziro,Keiliya,27.66,93.89,0.25,1.00,0.50,1.00,0.33,0.60,1.00,1.00,1.00,0.88,0.71,1.00,0.56,0.50,0.00,1.00,1.00,1.00,0.25,1.00,1.00,0.00,0.00,0.36,0.67,0.00,0.00,0.14,0.00,0.00,0.00,0.00,1.00,0.60,1.00,1.00,1.00,0.50,0.40,0.00,0.25,0.00,0.01,0.60,0.67,0.17,0.00,0.33,1.00,0.00,0.00,1.00,1.00,1.00,0.75,25.00,100.00,50.00,100.00,33.33,68.33,100.00,100.00,100.00,100.00,81.00,87.50,71.43,79.46,100.00,55.56,82.22,45.00,45.00,100.00,25.00,100.00,77.50,0.00,0.00,51.52,0.00,0.00,60.00,18.00,14.29,14.29,0.00,0.00,0.00,0.00,0.00,0.00,0.00,84.00,100.00,93.60,100.00,50.00,40.00,0.00,25.00,0.00,39.50,1.25,60.00,36.67,25.83,0.00,0.00,34.68,33.33,100.00,0.00,100.00,100.00,100.00,70.00,75.00,75.00,71.00,63.60,,
5297.00,Education,Schools,West Siang,Kamba,Kambu,28.26,94.68,1.00,0.50,0.80,0.00,0.67,0.60,1.00,0.00,1.00,0.88,0.86,0.16,0.06,0.50,0.00,1.00,0.00,0.00,0.50,1.00,0.25,1.00,0.00,0.00,0.00,0.00,0.00,0.14,0.71,0.36,0.17,0.00,0.00,0.00,1.00,1.00,1.00,0.00,0.12,0.00,0.25,0.00,0.06,0.60,0.67,0.17,0.00,0.33,0.00,1.00,0.75,1.00,1.00,0.83,1.00,100.00,50.00,80.00,0.00,66.67,52.67,100.00,0.00,100.00,80.00,63.60,87.50,85.71,86.61,16.00,5.56,11.82,45.00,45.00,40.00,50.00,62.50,49.75,50.00,50.00,0.00,0.00,0.00,60.00,18.00,14.29,14.29,71.43,71.43,36.36,16.67,24.55,0.00,0.00,0.00,100.00,60.00,100.00,0.00,12.00,0.00,25.00,0.00,28.60,6.00,60.00,36.67,27.73,0.00,0.00,32.39,33.33,0.00,90.00,100.00,100.00,83.33,65.67,100.00,100.00,72.53,57.36,,
5398.00,Education,Schools,Lower Subansiri,Ziro,Dutta,27.57,93.88,0.25,1.00,0.90,0.00,0.33,0.60,1.00,0.25,1.00,0.88,0.86,0.60,0.06,0.50,0.00,0.00,0.00,0.00,0.25,1.00,0.75,0.00,0.00,0.00,0.00,0.00,0.00,0.14,0.00,0.09,0.17,0.00,0.00,0.00,0.00,0.00,0.00,0.00,0.16,0.00,0.25,0.00,0.05,0.60,0.67,0.33,0.00,0.33,0.00,0.00,0.00,1.00,1.00,0.17,0.75,25.00,100.00,90.00,0.00,33.33,46.33,100.00,25.00,100.00,85.00,61.80,87.50,85.71,86.61,60.00,5.56,38.22,45.00,45.00,0.00,25.00,87.50,33.75,0.00,0.00,0.00,0.00,0.00,60.00,18.00,14.29,14.29,0.00,0.00,9.09,16.67,13.64,0.00,0.00,0.00,0.00,0.00,0.00,0.00,16.00,0.00,25.00,0.00,9.80,5.00,60.00,46.67,29.33,0.00,0.00,19.76,33.33,0.00,0.00,100.00,100.00,16.67,43.33,75.00,75.00,49.67,44.94,,
5399.00,Education,Schools,Lower Subansiri,Ziro,Dutta,27.63,93.87,0.25,1.00,0.96,0.50,0.33,0.60,1.00,1.00,1.00,0.62,0.86,0.32,0.11,0.50,0.00,1.00,1.00,1.00,0.25,1.00,0.75,0.00,0.00,0.00,0.00,0.00,0.00,0.14,0.00,0.18,0.00,0.00,0.00,0.00,0.00,0.00,0.00,0.00,0.20,0.00,0.25,0.00,0.04,0.60,0.67,0.33,0.00,0.33,0.00,0.00,0.00,1.00,1.00,0.17,0.75,25.00,100.00,96.00,50.00,33.33,62.53,100.00,100.00,100.00,100.00,77.52,62.50,85.71,74.11,32.00,11.11,23.64,45.00,45.00,100.00,25.00,87.50,73.75,0.00,0.00,0.00,0.00,0.00,60.00,18.00,14.29,14.29,0.00,0.00,18.18,0.00,7.27,0.00,0.00,0.00,0.00,0.00,0.00,0.00,20.00,0.00,25.00,0.00,11.00,3.75,60.00,46.67,28.83,0.00,0.00,19.14,33.33,0.00,0.00,100.00,100.00,16.67,43.33,75.00,75.00,49.67,50.26,,
5400.00,Education,Schools,Lower Subansiri,Ziro,Hija,27.48,93.88,0.25,1.00,0.80,0.75,0.33,0.60,1.00,1.00,1.00,0.88,0.86,0.40,0.11,0.50,0.00,1.00,1.00,1.00,0.25,1.00,0.75,0.00,0.00,0.00,0.00,0.00,0.00,0.14,0.00,0.18,0.00,0.00,0.00,0.00,0.00,0.00,0.00,0.00,0.20,0.00,0.25,0.00,0.04,0.60,0.67,0.33,0.00,0.33,0.00,0.00,0.00,1.00,1.00,0.17,0.75,25.00,100.00,80.00,75.00,33.33,66.83,100.00,100.00,100.00,100.00,80.10,87.50,85.71,86.61,40.00,11.11,28.44,45.00,45.00,100.00,25.00,87.50,73.75,0.00,0.00,0.00,0.00,0.00,60.00,18.00,14.29,14.29,0.00,0.00,18.18,0.00,7.27,0.00,0.00,0.00,0.00,0.00,0.00,0.00,20.00,0.00,25.00,0.00,11.00,3.75,60.00,46.67,28.83,0.00,0.00,20.25,33.33,0.00,0.00,100.00,100.00,16.67,43.33,75.00,75.00,49.67,51.49,,
5401.00,Education,Schools,Lower Subansiri,Ziro,Hija,27.56,93.89,0.25,1.00,0.80,0.00,0.33,0.60,1.00,0.25,1.00,0.75,0.86,0.32,0.06,0.50,0.00,1.00,1.00,0.00,0.25,1.00,0.75,0.00,0.00,0.00,0.00,0.00,0.00,0.14,0.00,0.36,0.33,0.00,0.00,0.00,0.00,0.00,0.00,0.00,0.20,0.00,0.25,0.00,0.03,0.60,0.67,0.33,0.00,0.33,0.00,0.00,0.00,1.00,1.00,0.17,0.75,25.00,100.00,80.00,0.00,33.33,44.33,100.00,25.00,100.00,85.00,60.60,75.00,85.71,80.36,32.00,5.56,21.42,45.00,45.00,70.00,25.00,87.50,61.75,0.00,0.00,0.00,0.00,0.00,60.00,18.00,14.29,14.29,0.00,0.00,36.36,33.33,34.55,0.00,0.00,0.00,0.00,0.00,0.00,0.00,20.00,0.00,25.00,0.00,11.00,3.12,60.00,46.67,28.58,0.00,0.00,21.35,33.33,0.00,0.00,100.00,100.00,16.67,43.33,75.00,75.00,49.67,45.00,,
5403.00,Education,Schools,Lower Subansiri,Ziro,Nenchaliya,27.66,93.78,0.25,1.00,0.80,0.50,0.33,0.60,1.00,1.00,1.00,0.88,0.86,0.40,0.11,0.50,0.00,1.00,1.00,1.00,0.25,1.00,0.75,0.00,0.00,0.00,0.00,0.00,0.00,0.14,0.00,0.18,0.00,0.00,0.00,0.00,0.00,0.00,0.00,0.00,0.16,0.00,0.25,0.00,0.03,0.60,0.67,0.17,0.00,0.33,0.00,0.00,0.00,1.00,1.00,0.17,0.75,25.00,100.00,80.00,50.00,33.33,59.33,100.00,100.00,100.00,100.00,75.60,87.50,85.71,86.61,40.00,11.11,28.44,45.00,45.00,100.00,25.00,87.50,73.75,0.00,0.00,0.00,0.00,0.00,60.00,18.00,14.29,14.29,0.00,0.00,18.18,0.00,7.27,0.00,0.00,0.00,0.00,0.00,0.00,0.00,16.00,0.00,25.00,0.00,9.80,3.12,60.00,36.67,26.58,0.00,0.00,20.01,33.33,0.00,0.00,100.00,100.00,16.67,43.33,75.00,75.00,49.67,49.85,,
5404.00,Education,Schools,Lower Subansiri,Ziro,Hija,27.62,93.85,0.25,1.00,0.70,0.00,0.33,0.60,1.00,0.25,1.00,0.38,0.86,0.00,0.00,0.33,0.00,0.00,0.00,0.00,0.00,0.00,0.00,0.00,0.00,0.00,0.00,0.00,0.00,0.14,0.00,0.00,0.17,0.00,0.00,0.00,0.00,0.00,0.00,0.00,0.06,0.00,0.25,0.00,0.00,0.20,0.67,0.17,0.00,0.33,0.00,0.00,0.00,0.00,0.00,0.00,0.75,25.00,100.00,70.00,0.00,33.33,42.33,100.00,25.00,100.00,85.00,59.40,37.50,85.71,61.61,0.00,0.00,0.00,30.00,30.00,0.00,0.00,0.00,0.00,0.00,0.00,0.00,0.00,0.00,60.00,18.00,14.29,14.29,0.00,0.00,0.00,16.67,10.00,0.00,0.00,0.00,0.00,0.00,0.00,0.00,6.00,0.00,25.00,0.00,6.80,0.00,20.00,36.67,13.33,0.00,0.00,10.04,33.33,0.00,0.00,0.00,0.00,0.00,10.00,75.00,75.00,23.00,31.85,,
5466.00,Education,Schools,Papumpare,Banderdewa,Kharsingsa,27.11,93.78,0.25,0.50,0.80,0.00,0.00,0.00,1.00,0.25,1.00,0.50,0.71,0.16,0.11,0.17,0.00,0.00,0.00,0.00,0.25,1.00,0.62,1.00,0.00,0.00,0.00,0.00,0.00,0.14,0.43,0.36,0.33,0.00,1.00,0.00,1.00,1.00,1.00,0.00,0.08,0.00,0.25,0.00,0.06,0.40,0.67,0.17,0.00,0.33,0.00,1.00,0.75,1.00,1.00,0.00,0.75,25.00,50.00,80.00,0.00,0.00,31.00,100.00,25.00,100.00,85.00,52.60,50.00,71.43,60.71,16.00,11.11,14.04,15.00,15.00,0.00,25.00,81.25,31.88,50.00,50.00,0.00,0.00,0.00,0.00,0.00,14.29,14.29,42.86,42.86,36.36,33.33,34.55,0.00,0.00,60.00,100.00,84.00,100.00,0.00,8.00,0.00,25.00,0.00,27.40,6.25,40.00,36.67,21.83,0.00,0.00,26.88,33.33,0.00,90.00,100.00,100.00,0.00,49.00,75.00,75.00,54.20,45.44,,
5511.00,Education,Schools,Papumpare,Toru,Dokte Hoj,27.26,93.80,1.00,1.00,0.80,0.00,0.00,0.60,0.00,0.25,1.00,0.44,0.86,0.28,0.06,0.50,0.00,0.00,0.00,0.00,0.25,1.00,0.62,0.00,0.00,0.09,0.67,0.00,0.00,0.14,0.14,0.36,0.17,0.00,0.00,0.00,1.00,0.00,0.00,0.50,0.20,0.00,0.25,0.00,0.06,0.20,0.67,0.17,1.00,0.33,0.00,1.00,0.25,1.00,1.00,0.00,1.00,100.00,100.00,80.00,0.00,0.00,56.00,0.00,25.00,100.00,55.00,55.60,43.75,85.71,64.73,28.00,5.56,19.02,45.00,45.00,0.00,25.00,81.25,31.88,0.00,0.00,37.88,0.00,0.00,60.00,18.00,14.29,14.29,14.29,14.29,36.36,16.67,24.55,0.00,0.00,0.00,60.00,36.00,0.00,50.00,20.00,0.00,25.00,0.00,13.50,6.25,20.00,36.67,15.83,100.00,100.00,26.85,33.33,0.00,70.00,100.00,100.00,0.00,47.00,100.00,100.00,57.60,47.68,,
5515.00,Education,Schools,Lower Subansiri,Ziro,Modang Tage,27.57,93.84,1.00,0.50,0.00,0.00,0.00,0.60,1.00,0.25,1.00,0.62,0.86,0.00,0.00,0.00,0.00,0.00,0.00,0.00,0.25,0.00,0.00,0.00,0.00,0.00,0.00,0.00,0.00,0.14,0.00,0.00,0.33,0.00,0.00,0.00,0.00,0.00,0.00,0.00,0.04,0.00,0.25,0.00,0.00,0.20,0.67,0.67,0.00,0.33,0.00,0.00,0.00,0.00,0.00,0.00,1.00,100.00,50.00,0.00,0.00,0.00,30.00,100.00,25.00,100.00,85.00,52.00,62.50,85.71,74.11,0.00,0.00,0.00,0.00,0.00,0.00,25.00,0.00,7.50,0.00,0.00,0.00,0.00,0.00,60.00,18.00,14.29,14.29,0.00,0.00,0.00,33.33,20.00,0.00,0.00,0.00,0.00,0.00,0.00,0.00,4.00,0.00,25.00,0.00,6.20,0.00,20.00,66.67,19.33,0.00,0.00,9.28,33.33,0.00,0.00,0.00,0.00,0.00,10.00,100.00,100.00,28.00,30.78,,
5517.00,Education,Schools,Lower Subansiri,Ziro,Modang Tage,27.57,93.84,0.75,0.50,0.00,0.00,0.00,0.60,1.00,0.00,1.00,0.62,0.86,0.04,0.06,0.50,0.00,1.00,0.00,0.00,0.25,0.00,0.00,0.00,0.00,0.00,0.00,0.00,0.00,0.14,0.00,0.00,0.33,0.00,0.00,0.00,0.00,0.00,0.00,0.00,0.06,0.00,0.25,0.00,0.00,0.20,0.67,0.50,0.00,0.33,0.00,1.00,1.00,1.00,1.00,0.00,1.00,75.00,50.00,0.00,0.00,0.00,25.00,100.00,0.00,100.00,80.00,47.00,62.50,85.71,74.11,4.00,5.56,4.62,45.00,45.00,40.00,25.00,0.00,23.50,0.00,0.00,0.00,0.00,0.00,60.00,18.00,14.29,14.29,0.00,0.00,0.00,33.33,20.00,0.00,0.00,0.00,0.00,0.00,0.00,0.00,6.00,0.00,25.00,0.00,6.80,0.12,20.00,56.67,17.38,0.00,0.00,15.01,33.33,0.00,100.00,100.00,100.00,0.00,50.00,100.00,100.00,60.00,41.95,,
5573.00,Education,Schools,Lower Subansiri,Ziro,Ziro,27.57,93.83,0.75,1.00,0.00,0.00,0.00,0.60,1.00,0.50,1.00,0.50,0.86,0.32,0.11,0.50,0.00,1.00,1.00,0.00,0.25,1.00,0.62,1.00,0.00,0.00,0.00,0.00,0.00,0.14,0.71,0.09,0.33,0.00,0.00,0.00,0.00,0.00,0.00,0.00,0.16,0.00,0.25,0.00,0.01,0.20,0.67,0.33,0.00,0.33,0.00,1.00,0.25,1.00,1.00,0.00,1.00,75.00,100.00,0.00,0.00,0.00,35.00,100.00,50.00,100.00,90.00,57.00,50.00,85.71,67.86,32.00,11.11,23.64,45.00,45.00,70.00,25.00,81.25,59.88,50.00,50.00,0.00,0.00,0.00,60.00,18.00,14.29,14.29,71.43,71.43,9.09,33.33,23.64,0.00,0.00,0.00,0.00,0.00,0.00,0.00,16.00,0.00,25.00,0.00,9.80,1.50,20.00,46.67,15.93,0.00,0.00,27.58,33.33,0.00,70.00,100.00,100.00,0.00,47.00,100.00,100.00,57.60,48.38,,
5578.00,Education,Schools,Papumpare,Toru,Dokte Hoj,27.25,93.81,1.00,0.25,0.40,0.00,0.00,0.60,0.00,0.00,1.00,0.00,0.14,0.00,0.00,0.50,0.00,0.00,0.00,0.00,0.00,0.00,0.00,0.00,0.00,0.00,0.00,0.00,0.00,0.14,0.00,0.00,0.17,0.00,0.00,0.00,0.00,0.00,0.00,0.50,0.10,0.00,0.25,0.00,0.00,0.20,0.67,0.17,0.00,0.33,0.00,0.00,0.00,0.00,0.00,0.00,1.00,100.00,25.00,40.00,0.00,0.00,33.00,0.00,0.00,100.00,50.00,39.80,0.00,14.29,7.14,0.00,0.00,0.00,45.00,45.00,0.00,0.00,0.00,0.00,0.00,0.00,0.00,0.00,0.00,60.00,18.00,14.29,14.29,0.00,0.00,0.00,16.67,10.00,0.00,0.00,0.00,0.00,0.00,0.00,50.00,10.00,0.00,25.00,0.00,10.50,0.00,20.00,36.67,13.33,0.00,0.00,9.19,33.33,0.00,0.00,0.00,0.00,0.00,10.00,100.00,100.00,28.00,26.49,,
5581.00,Education,Schools,Papumpare,Toru,Dokte Hoj,27.25,93.81,1.00,0.25,0.40,0.00,0.00,0.60,0.00,0.00,1.00,0.00,0.14,0.00,0.00,0.00,0.00,0.00,0.00,0.00,0.00,0.00,0.00,0.00,0.00,0.00,0.00,0.00,0.00,0.14,0.00,0.00,0.17,0.00,0.00,0.00,0.00,0.00,0.00,0.50,0.10,0.00,0.25,0.00,0.00,0.20,0.67,0.17,0.00,0.33,0.00,0.00,0.00,0.00,0.00,1.00,1.00,100.00,25.00,40.00,0.00,0.00,33.00,0.00,0.00,100.00,50.00,39.80,0.00,14.29,7.14,0.00,0.00,0.00,0.00,0.00,0.00,0.00,0.00,0.00,0.00,0.00,0.00,0.00,0.00,60.00,18.00,14.29,14.29,0.00,0.00,0.00,16.67,10.00,0.00,0.00,0.00,0.00,0.00,0.00,50.00,10.00,0.00,25.00,0.00,10.50,0.00,20.00,36.67,13.33,0.00,0.00,4.69,33.33,0.00,0.00,0.00,0.00,100.00,30.00,100.00,100.00,44.00,30.74,,
5631.00,Education,Schools,Lower Subansiri,Ziro,Modang Tage,27.57,93.85,0.75,0.50,0.00,0.25,0.00,0.60,1.00,0.75,1.00,1.00,0.86,0.72,0.89,0.50,0.00,1.00,1.00,1.00,0.25,1.00,0.88,1.00,0.00,0.27,1.00,0.00,0.00,0.29,0.71,0.36,0.33,0.00,1.00,0.80,0.00,0.00,1.00,0.50,0.32,1.00,0.50,1.00,0.50,0.60,0.67,0.17,1.00,0.33,1.00,1.00,0.50,1.00,1.00,0.67,0.75,75.00,50.00,0.00,25.00,0.00,32.50,100.00,75.00,100.00,95.00,57.50,100.00,85.71,92.86,72.00,88.89,78.76,45.00,45.00,100.00,25.00,93.75,75.62,50.00,50.00,63.64,0.00,0.00,60.00,18.00,28.57,28.57,71.43,71.43,36.36,33.33,34.55,0.00,0.00,92.00,0.00,36.80,100.00,50.00,32.00,100.00,50.00,100.00,67.10,50.00,60.00,36.67,45.33,100.00,100.00,54.15,33.33,100.00,80.00,100.00,100.00,66.67,71.33,75.00,75.00,72.07,61.59,,
5808.00,Education,Schools,West Siang,Kamba,Kambu,28.26,94.68,1.00,0.50,0.80,0.00,0.67,0.60,1.00,0.00,1.00,0.88,0.86,0.16,0.06,0.50,0.00,1.00,0.00,0.00,0.50,1.00,0.25,1.00,0.00,0.00,0.00,0.00,0.00,0.14,0.71,0.36,0.17,0.00,0.00,0.00,1.00,1.00,1.00,0.00,0.12,0.00,0.25,0.00,0.06,0.60,0.67,0.17,0.00,0.33,0.00,1.00,0.75,1.00,1.00,0.83,1.00,100.00,50.00,80.00,0.00,66.67,52.67,100.00,0.00,100.00,80.00,63.60,87.50,85.71,86.61,16.00,5.56,11.82,45.00,45.00,40.00,50.00,62.50,49.75,50.00,50.00,0.00,0.00,0.00,60.00,18.00,14.29,14.29,71.43,71.43,36.36,16.67,24.55,0.00,0.00,0.00,100.00,60.00,100.00,0.00,12.00,0.00,25.00,0.00,28.60,6.00,60.00,36.67,27.73,0.00,0.00,32.39,33.33,0.00,90.00,100.00,100.00,83.33,65.67,100.00,100.00,72.53,57.36,,
6146.00,Education,Schools,Lower Subansiri,Ziro,Reru,27.60,93.84,0.25,1.00,0.00,0.25,0.33,0.60,1.00,0.00,1.00,1.00,0.86,0.40,0.56,0.33,0.00,1.00,1.00,1.00,0.25,1.00,1.00,0.00,0.00,0.00,0.00,0.00,0.00,0.14,0.43,0.00,0.17,0.00,0.00,0.00,0.00,0.00,0.00,0.00,0.08,0.00,0.25,0.00,0.03,0.20,0.67,0.17,0.00,0.33,0.00,0.00,0.00,1.00,0.00,0.17,1.00,25.00,100.00,0.00,25.00,33.33,35.83,100.00,0.00,100.00,80.00,53.50,100.00,85.71,92.86,40.00,55.56,46.22,30.00,30.00,100.00,25.00,100.00,77.50,0.00,0.00,0.00,0.00,0.00,60.00,18.00,14.29,14.29,42.86,42.86,0.00,16.67,10.00,0.00,0.00,0.00,0.00,0.00,0.00,0.00,8.00,0.00,25.00,0.00,7.40,2.50,20.00,36.67,14.33,0.00,0.00,22.35,33.33,0.00,0.00,100.00,0.00,16.67,23.33,100.00,100.00,38.67,38.96,,
6226.00,Education,Schools,West Siang,Aalo,Kugi Pomte,28.29,93.57,0.50,1.00,0.00,0.00,0.00,0.20,1.00,0.25,1.00,0.38,0.86,0.20,0.00,0.50,0.00,1.00,1.00,1.00,0.25,1.00,0.88,1.00,0.00,0.00,0.00,0.00,0.00,0.14,0.43,0.36,0.33,0.00,0.00,0.00,1.00,1.00,0.00,0.00,0.10,0.00,0.25,0.00,0.03,0.20,0.67,0.17,0.00,0.33,1.00,1.00,0.75,1.00,1.00,1.00,0.75,50.00,100.00,0.00,0.00,0.00,30.00,100.00,25.00,100.00,85.00,52.00,37.50,85.71,61.61,20.00,0.00,12.00,45.00,45.00,100.00,25.00,93.75,75.62,50.00,50.00,0.00,0.00,0.00,20.00,6.00,14.29,14.29,42.86,42.86,36.36,33.33,34.55,0.00,0.00,0.00,100.00,60.00,0.00,0.00,10.00,0.00,25.00,0.00,8.00,3.12,20.00,36.67,14.58,0.00,0.00,28.70,33.33,100.00,90.00,100.00,100.00,100.00,79.00,75.00,75.00,78.20,54.18,,
6254.00,Education,Schools,Lower Subansiri,Ziro,Hari,27.59,93.85,1.00,0.00,0.60,0.00,0.00,0.60,1.00,0.00,1.00,0.38,0.86,0.12,0.06,0.17,0.00,0.00,0.00,0.00,0.00,0.00,0.00,0.00,0.00,0.00,0.00,0.00,0.00,0.29,0.14,0.18,0.17,1.00,0.00,0.00,0.00,0.00,0.00,0.00,0.06,0.00,0.25,0.00,0.03,0.20,0.00,0.17,0.00,0.33,0.00,0.00,0.00,1.00,1.00,0.00,1.00,100.00,0.00,60.00,0.00,0.00,32.00,100.00,0.00,100.00,80.00,51.20,37.50,85.71,61.61,12.00,5.56,9.42,15.00,15.00,0.00,0.00,0.00,0.00,0.00,0.00,0.00,0.00,0.00,60.00,18.00,28.57,28.57,14.29,14.29,18.18,16.67,17.27,100.00,100.00,0.00,0.00,0.00,0.00,0.00,6.00,0.00,25.00,0.00,6.80,2.50,20.00,10.00,9.00,0.00,0.00,16.42,33.33,0.00,0.00,100.00,100.00,0.00,40.00,100.00,100.00,52.00,41.05,,
6625.00,Education,Schools,East Siang,Pasighat,Roying,28.06,95.28,0.25,1.00,0.00,0.25,0.67,0.20,0.00,0.25,1.00,0.44,0.86,0.28,0.11,0.50,0.00,0.00,0.00,0.00,0.25,1.00,0.38,0.00,0.00,0.00,0.00,0.00,0.00,0.14,0.00,0.36,0.17,0.00,1.00,0.00,1.00,1.00,0.00,0.00,0.10,0.00,0.25,0.00,0.03,0.20,0.67,0.17,0.00,0.33,0.00,1.00,0.25,1.00,1.00,0.00,1.00,25.00,100.00,0.00,25.00,66.67,39.17,0.00,25.00,100.00,55.00,45.50,43.75,85.71,64.73,28.00,11.11,21.24,45.00,45.00,0.00,25.00,68.75,28.12,0.00,0.00,0.00,0.00,0.00,20.00,6.00,14.29,14.29,0.00,0.00,36.36,16.67,24.55,0.00,0.00,60.00,100.00,84.00,0.00,0.00,10.00,0.00,25.00,0.00,8.00,3.38,20.00,36.67,14.68,0.00,0.00,20.47,33.33,0.00,70.00,100.00,100.00,0.00,47.00,100.00,100.00,57.60,42.23,,
6793.00,Education,Schools,Lower Subansiri,Ziro,Reru,27.60,93.84,0.25,1.00,0.80,0.00,0.33,0.60,1.00,0.00,1.00,0.69,0.86,0.20,0.06,0.50,0.00,1.00,1.00,1.00,0.25,1.00,1.00,1.00,0.50,0.00,0.00,0.00,1.00,0.29,0.00,0.00,0.17,0.00,0.00,0.00,0.00,0.00,1.00,0.00,0.12,0.00,0.50,0.00,0.05,0.60,0.00,0.17,1.00,0.33,0.00,1.00,0.25,1.00,1.00,0.00,1.00,25.00,100.00,80.00,0.00,33.33,44.33,100.00,0.00,100.00,80.00,58.60,68.75,85.71,77.23,20.00,5.56,14.22,45.00,45.00,100.00,25.00,100.00,77.50,75.00,75.00,0.00,0.00,100.00,60.00,48.00,28.57,28.57,0.00,0.00,0.00,16.67,10.00,0.00,0.00,0.00,0.00,0.00,100.00,0.00,12.00,0.00,50.00,0.00,33.60,5.00,60.00,10.00,22.00,100.00,100.00,35.45,33.33,0.00,70.00,100.00,100.00,0.00,47.00,100.00,100.00,57.60,51.30,,
6927.00,Education,Schools,Lower Subansiri,Ziro,Lempiya,27.58,93.83,1.00,1.00,0.80,0.00,0.33,0.60,1.00,0.50,1.00,0.88,0.86,0.76,0.39,0.50,0.00,1.00,1.00,1.00,0.25,1.00,0.12,1.00,0.00,0.18,0.67,0.00,1.00,0.29,0.43,0.36,0.33,1.00,1.00,0.80,1.00,1.00,0.00,0.50,0.30,1.00,0.25,1.00,0.62,0.60,0.67,0.17,0.00,0.33,1.00,1.00,0.50,1.00,1.00,1.00,0.75,100.00,100.00,80.00,0.00,33.33,59.33,100.00,50.00,100.00,90.00,71.60,87.50,85.71,86.61,76.00,38.89,61.16,45.00,45.00,100.00,25.00,56.25,64.38,50.00,50.00,42.42,0.00,100.00,60.00,48.00,28.57,28.57,42.86,42.86,36.36,33.33,34.55,100.00,100.00,92.00,100.00,96.80,0.00,50.00,30.00,100.00,25.00,100.00,41.50,62.50,60.00,36.67,50.33,0.00,0.00,51.22,33.33,100.00,80.00,100.00,100.00,100.00,78.00,75.00,75.00,77.40,67.52,,
7015.00,Education,Schools,Lower Subansiri,Ziro,Kalong,27.59,93.84,0.25,1.00,0.80,0.00,0.33,0.60,0.00,0.00,1.00,0.75,0.86,0.08,0.11,0.33,0.00,0.00,1.00,1.00,0.25,1.00,1.00,0.00,0.00,0.00,0.00,0.00,0.00,0.14,0.00,0.18,0.00,0.00,0.00,0.00,1.00,1.00,0.00,0.00,0.06,0.00,0.25,0.00,0.02,0.20,0.67,0.17,0.00,0.33,0.00,0.00,0.00,0.00,1.00,0.00,1.00,25.00,100.00,80.00,0.00,33.33,44.33,0.00,0.00,100.00,50.00,46.60,75.00,85.71,80.36,8.00,11.11,9.24,30.00,30.00,60.00,25.00,100.00,61.50,0.00,0.00,0.00,0.00,0.00,60.00,18.00,14.29,14.29,0.00,0.00,18.18,0.00,7.27,0.00,0.00,0.00,100.00,60.00,0.00,0.00,6.00,0.00,25.00,0.00,6.80,1.88,20.00,36.67,14.08,0.00,0.00,17.74,33.33,0.00,0.00,0.00,100.00,0.00,30.00,100.00,100.00,44.00,37.03,,
7044.00,Education,Schools,Lower Subansiri,Ziro,Lempiya,27.54,93.81,0.50,0.50,0.60,0.00,0.33,0.60,0.00,0.00,1.00,0.62,0.86,0.08,0.06,0.33,0.00,0.00,0.00,0.00,0.00,1.00,0.50,0.00,0.00,0.00,0.00,0.00,0.00,0.14,0.43,0.36,0.17,0.00,0.00,0.00,0.00,0.00,0.00,0.50,0.06,0.00,0.25,0.00,0.01,0.20,0.00,0.17,0.00,0.33,0.00,0.00,0.00,1.00,1.00,0.67,1.00,50.00,50.00,60.00,0.00,33.33,35.33,0.00,0.00,100.00,50.00,41.20,62.50,85.71,74.11,8.00,5.56,7.02,30.00,30.00,0.00,0.00,75.00,22.50,0.00,0.00,0.00,0.00,0.00,60.00,18.00,14.29,14.29,42.86,42.86,36.36,16.67,24.55,0.00,0.00,0.00,0.00,0.00,0.00,50.00,6.00,0.00,25.00,0.00,9.30,1.25,20.00,10.00,8.50,0.00,0.00,16.10,33.33,0.00,0.00,100.00,100.00,66.67,53.33,100.00,100.00,62.67,41.18,,
1344.00,Education,Schools,West Kameng,Nafra,Lower Dzong,27.37,92.53,1.00,1.00,0.90,0.00,0.00,0.60,1.00,0.25,1.00,0.62,0.86,0.04,0.00,0.17,0.00,0.00,0.00,0.00,0.25,0.00,0.00,0.00,0.00,0.00,0.00,0.00,0.00,0.14,0.71,0.36,0.33,0.00,0.00,0.00,1.00,1.00,1.00,0.50,0.08,0.00,0.25,0.00,0.02,0.20,0.67,0.50,0.00,0.33,0.00,1.00,1.00,1.00,1.00,0.00,0.75,100.00,100.00,90.00,0.00,0.00,58.00,100.00,25.00,100.00,85.00,68.80,62.50,85.71,74.11,4.00,0.00,2.40,15.00,15.00,0.00,25.00,0.00,7.50,0.00,0.00,0.00,0.00,0.00,60.00,18.00,14.29,14.29,71.43,71.43,36.36,33.33,34.55,0.00,0.00,0.00,100.00,60.00,100.00,50.00,8.00,0.00,25.00,0.00,29.90,2.12,20.00,56.67,18.18,0.00,0.00,21.36,33.33,0.00,100.00,100.00,100.00,0.00,50.00,75.00,75.00,55.00,49.74,,
1350.00,Education,Schools,East Siang,Oyan,Rani,28.02,95.34,0.50,0.50,0.80,0.00,0.00,0.20,0.00,0.25,1.00,0.38,0.86,0.16,0.00,0.00,0.00,0.00,0.00,0.00,0.25,0.00,0.00,0.00,0.00,0.00,0.00,0.00,0.00,0.14,0.00,0.36,0.17,0.00,1.00,0.00,1.00,0.00,0.00,0.00,0.10,0.00,0.25,0.00,0.02,0.20,0.67,0.17,0.00,0.33,0.00,0.00,0.00,1.00,1.00,0.00,1.00,50.00,50.00,80.00,0.00,0.00,36.00,0.00,25.00,100.00,55.00,43.60,37.50,85.71,61.61,16.00,0.00,9.60,0.00,0.00,0.00,25.00,0.00,7.50,0.00,0.00,0.00,0.00,0.00,20.00,6.00,14.29,14.29,0.00,0.00,36.36,16.67,24.55,0.00,0.00,60.00,60.00,60.00,0.00,0.00,10.00,0.00,25.00,0.00,8.00,2.25,20.00,36.67,14.23,0.00,0.00,12.40,33.33,0.00,0.00,100.00,100.00,0.00,40.00,100.00,100.00,52.00,37.18,,
1355.00,Education,Schools,East Siang,Oyan,Rani,27.97,95.32,0.50,0.50,0.80,0.00,0.00,0.40,0.00,0.25,1.00,0.50,0.86,0.28,0.00,0.50,0.00,0.00,0.00,0.00,0.25,0.00,0.00,1.00,0.00,0.00,0.00,0.00,0.00,0.14,0.00,0.36,0.17,0.00,1.00,0.00,1.00,0.00,1.00,0.00,0.10,0.00,0.25,0.00,0.05,0.20,0.67,0.17,0.00,0.33,0.00,1.00,0.75,1.00,1.00,0.00,1.00,50.00,50.00,80.00,0.00,0.00,36.00,0.00,25.00,100.00,55.00,43.60,50.00,85.71,67.86,28.00,0.00,16.80,45.00,45.00,0.00,25.00,0.00,7.50,50.00,50.00,0.00,0.00,0.00,40.00,12.00,14.29,14.29,0.00,0.00,36.36,16.67,24.55,0.00,0.00,60.00,60.00,60.00,100.00,0.00,10.00,0.00,25.00,0.00,28.00,5.25,20.00,36.67,15.43,0.00,0.00,25.29,33.33,0.00,90.00,100.00,100.00,0.00,49.00,100.00,100.00,59.20,43.57,,
1359.00,Education,Schools,East Siang,Oyan,Oyan Village,27.88,95.36,0.25,0.25,0.00,0.00,0.00,0.80,1.00,0.00,1.00,0.75,0.86,0.36,0.22,0.00,0.00,0.00,0.00,0.00,0.25,1.00,0.38,0.00,0.00,0.00,0.00,0.00,0.00,0.14,0.43,0.36,0.33,0.00,1.00,0.80,1.00,1.00,0.00,0.00,0.16,0.00,0.25,0.00,0.27,0.20,0.67,0.17,0.00,0.33,1.00,1.00,1.00,1.00,1.00,0.00,1.00,25.00,25.00,0.00,0.00,0.00,10.00,100.00,0.00,100.00,80.00,38.00,75.00,85.71,80.36,36.00,22.22,30.49,0.00,0.00,0.00,25.00,68.75,28.12,0.00,0.00,0.00,0.00,0.00,80.00,24.00,14.29,14.29,42.86,42.86,36.36,33.33,34.55,0.00,0.00,92.00,100.00,96.80,0.00,0.00,16.00,0.00,25.00,0.00,9.80,27.25,20.00,36.67,24.23,0.00,0.00,23.02,33.33,100.00,100.00,100.00,100.00,0.00,60.00,100.00,100.00,68.00,44.00,,
1376.00,Education,Schools,East Siang,Oyan,Rani,27.96,95.32,0.50,1.00,0.80,0.75,0.00,0.60,1.00,0.50,1.00,1.00,0.86,0.72,1.00,0.00,0.00,1.00,1.00,1.00,0.50,1.00,0.50,1.00,0.00,0.18,1.00,0.00,0.00,0.29,0.00,0.18,0.17,0.00,1.00,1.00,1.00,0.00,0.00,0.50,0.16,0.00,0.25,0.00,0.68,0.40,0.67,0.17,0.00,0.33,0.00,1.00,0.75,1.00,1.00,1.00,1.00,50.00,100.00,80.00,75.00,0.00,68.50,100.00,50.00,100.00,90.00,77.10,100.00,85.71,92.86,72.00,100.00,83.20,0.00,0.00,100.00,50.00,75.00,77.50,50.00,50.00,59.09,0.00,0.00,60.00,18.00,28.57,28.57,0.00,0.00,18.18,16.67,17.27,0.00,0.00,100.00,60.00,76.00,0.00,50.00,16.00,0.00,25.00,0.00,12.30,67.50,40.00,36.67,46.33,0.00,0.00,36.19,33.33,0.00,90.00,100.00,100.00,100.00,69.00,100.00,100.00,75.20,64.16,,
1381.00,Education,Schools,West Kameng,Nafra,Lower Dzong,27.37,92.53,1.00,1.00,1.00,0.25,0.00,0.60,0.00,0.25,1.00,0.68,0.86,0.32,0.17,0.50,0.00,1.00,1.00,1.00,0.25,1.00,0.12,1.00,0.50,0.00,0.00,0.00,0.00,0.14,0.00,0.18,0.17,0.00,0.00,0.00,1.00,1.00,1.00,0.50,0.16,1.00,0.25,0.00,0.19,0.60,0.00,0.33,0.00,0.33,0.00,1.00,0.25,1.00,1.00,0.00,0.75,100.00,100.00,100.00,25.00,0.00,67.50,0.00,25.00,100.00,55.00,62.50,67.71,85.71,76.71,32.00,16.67,25.87,45.00,45.00,100.00,25.00,56.25,64.38,75.00,75.00,0.00,0.00,0.00,60.00,18.00,14.29,14.29,0.00,0.00,18.18,16.67,17.27,0.00,0.00,0.00,100.00,60.00,100.00,50.00,16.00,100.00,25.00,0.00,37.30,18.75,60.00,20.00,29.50,0.00,0.00,33.19,33.33,0.00,70.00,100.00,100.00,0.00,47.00,75.00,75.00,52.60,50.24,,
1528.00,Education,Schools,East Siang,Mebo,Mebo,28.16,95.42,0.25,1.00,0.80,0.00,0.00,0.80,1.00,0.75,1.00,0.88,0.86,1.00,0.39,0.50,0.00,1.00,1.00,0.00,0.25,1.00,0.88,0.00,0.00,0.18,1.00,0.00,0.00,0.29,0.43,0.36,0.33,1.00,1.00,0.40,0.00,0.00,0.00,0.50,0.32,1.00,0.50,0.00,0.85,0.60,0.67,0.17,0.00,0.33,1.00,1.00,0.75,1.00,1.00,0.50,0.75,25.00,100.00,80.00,0.00,0.00,41.00,100.00,75.00,100.00,95.00,62.60,87.50,85.71,86.61,100.00,38.89,75.56,45.00,45.00,70.00,25.00,93.75,63.62,0.00,0.00,59.09,0.00,0.00,80.00,24.00,28.57,28.57,42.86,42.86,36.36,33.33,34.55,100.00,100.00,76.00,0.00,30.40,0.00,50.00,32.00,100.00,50.00,0.00,27.10,85.00,60.00,36.67,59.33,0.00,0.00,42.94,33.33,100.00,90.00,100.00,100.00,50.00,69.00,75.00,75.00,70.20,59.36,,
1538.00,Education,Schools,East Siang,Mebo,Mottum,28.08,95.43,0.25,1.00,0.80,0.00,0.00,0.20,1.00,0.25,1.00,0.81,0.86,0.56,0.06,0.50,0.00,1.00,1.00,0.00,0.25,1.00,0.12,0.00,0.00,0.00,0.00,0.00,0.00,0.14,0.43,0.36,0.33,0.00,1.00,0.80,1.00,1.00,1.00,0.50,0.40,1.00,0.25,1.00,0.14,0.60,0.67,0.17,0.00,0.33,1.00,1.00,0.75,1.00,1.00,0.17,0.75,25.00,100.00,80.00,0.00,0.00,41.00,100.00,25.00,100.00,85.00,58.60,81.25,85.71,83.48,56.00,5.56,35.82,45.00,45.00,70.00,25.00,56.25,52.38,0.00,0.00,0.00,0.00,0.00,20.00,6.00,14.29,14.29,42.86,42.86,36.36,33.33,34.55,0.00,0.00,92.00,100.00,96.80,100.00,50.00,40.00,100.00,25.00,100.00,64.50,14.25,60.00,36.67,31.03,0.00,0.00,34.33,33.33,100.00,90.00,100.00,100.00,16.67,62.33,75.00,75.00,64.87,53.51,,
1539.00,Education,Schools,East Siang,Mebo,Mottum,28.08,95.44,0.25,1.00,0.90,0.00,0.00,0.20,1.00,0.00,1.00,0.62,0.86,0.20,0.00,0.50,0.00,0.00,0.00,0.00,0.25,1.00,0.12,0.00,0.00,0.00,0.00,0.00,0.00,0.14,0.43,0.36,0.33,0.00,1.00,0.40,1.00,1.00,0.00,0.00,0.10,0.00,0.25,0.00,0.06,0.60,0.67,0.17,0.00,0.33,1.00,1.00,0.50,1.00,1.00,0.00,0.75,25.00,100.00,90.00,0.00,0.00,43.00,100.00,0.00,100.00,80.00,57.80,62.50,85.71,74.11,20.00,0.00,12.00,45.00,45.00,0.00,25.00,56.25,24.38,0.00,0.00,0.00,0.00,0.00,20.00,6.00,14.29,14.29,42.86,42.86,36.36,33.33,34.55,0.00,0.00,76.00,100.00,90.40,0.00,0.00,10.00,0.00,25.00,0.00,8.00,5.50,60.00,36.67,27.53,0.00,0.00,23.93,33.33,100.00,80.00,100.00,100.00,0.00,58.00,75.00,75.00,61.40,48.90,,
1768.00,Education,Schools,East Siang,Oyan,Murali,27.91,95.28,0.50,0.25,0.00,0.00,0.67,0.80,1.00,0.25,1.00,0.62,0.86,0.32,0.06,0.50,0.00,0.00,0.00,0.00,0.25,1.00,0.25,0.00,0.00,0.09,1.00,0.00,0.00,0.14,0.43,0.36,0.33,0.00,0.00,0.00,1.00,0.00,1.00,0.50,0.18,0.00,0.25,0.00,0.07,0.60,0.67,0.17,0.00,0.33,0.00,1.00,0.25,1.00,1.00,0.00,0.75,50.00,25.00,0.00,0.00,66.67,21.67,100.00,25.00,100.00,85.00,47.00,62.50,85.71,74.11,32.00,5.56,21.42,45.00,45.00,0.00,25.00,62.50,26.25,0.00,0.00,54.55,0.00,0.00,80.00,24.00,14.29,14.29,42.86,42.86,36.36,33.33,34.55,0.00,0.00,0.00,60.00,36.00,100.00,50.00,18.00,0.00,25.00,0.00,32.90,6.75,60.00,36.67,28.03,0.00,0.00,28.39,33.33,0.00,70.00,100.00,100.00,0.00,47.00,75.00,75.00,52.60,43.38,,
1786.00,Education,Schools,East Siang,Mebo,Mebo,28.16,95.41,0.25,0.50,0.80,0.00,0.00,0.60,1.00,0.25,1.00,0.62,0.86,0.20,0.06,0.50,0.00,0.00,0.00,0.00,0.25,1.00,0.12,0.00,0.00,0.00,0.00,0.00,0.00,0.14,0.43,0.36,0.33,0.00,1.00,0.40,1.00,1.00,0.00,0.00,0.06,0.00,0.25,0.00,0.03,0.60,0.67,0.17,0.00,0.33,1.00,1.00,0.75,1.00,1.00,0.17,0.75,25.00,50.00,80.00,0.00,0.00,31.00,100.00,25.00,100.00,85.00,52.60,62.50,85.71,74.11,20.00,5.56,14.22,45.00,45.00,0.00,25.00,56.25,24.38,0.00,0.00,0.00,0.00,0.00,60.00,18.00,14.29,14.29,42.86,42.86,36.36,33.33,34.55,0.00,0.00,76.00,100.00,90.40,0.00,0.00,6.00,0.00,25.00,0.00,6.80,3.00,60.00,36.67,26.53,0.00,0.00,24.58,33.33,100.00,90.00,100.00,100.00,16.67,62.33,75.00,75.00,64.87,48.49,,
1787.00,Education,Schools,East Siang,Mebo,Mebo,28.17,95.42,0.25,1.00,0.80,0.00,0.00,0.60,1.00,0.25,1.00,0.69,0.86,0.52,0.44,0.50,0.00,1.00,0.00,0.00,0.25,1.00,0.88,0.00,0.00,0.18,1.00,0.00,0.00,0.29,0.00,0.27,0.17,0.00,1.00,0.40,0.00,1.00,0.00,0.50,0.20,0.00,0.50,1.00,0.44,0.60,0.67,0.17,1.00,0.33,1.00,1.00,0.25,1.00,1.00,0.00,0.75,25.00,100.00,80.00,0.00,0.00,41.00,100.00,25.00,100.00,85.00,58.60,68.75,85.71,77.23,52.00,44.44,48.98,45.00,45.00,40.00,25.00,93.75,51.62,0.00,0.00,59.09,0.00,0.00,60.00,18.00,28.57,28.57,0.00,0.00,27.27,16.67,20.91,0.00,0.00,76.00,40.00,54.40,0.00,50.00,20.00,0.00,50.00,100.00,38.50,43.75,60.00,36.67,42.83,100.00,100.00,36.93,33.33,100.00,70.00,100.00,100.00,0.00,57.00,75.00,75.00,60.60,52.80,,
1793.00,Education,Schools,East Siang,Mebo,Mebo,28.16,95.40,0.25,1.00,0.80,0.25,0.00,0.60,1.00,0.25,1.00,0.75,0.86,0.68,0.39,0.00,0.00,1.00,0.00,0.00,0.25,1.00,0.88,0.00,0.00,0.27,1.00,0.00,0.00,0.29,0.00,0.27,0.17,0.00,1.00,0.40,0.00,0.00,0.00,0.50,0.24,0.00,0.50,1.00,0.20,0.60,0.67,0.17,1.00,0.33,1.00,1.00,0.75,0.00,1.00,0.00,0.75,25.00,100.00,80.00,25.00,0.00,48.50,100.00,25.00,100.00,85.00,63.10,75.00,85.71,80.36,68.00,38.89,56.36,0.00,0.00,40.00,25.00,93.75,51.62,0.00,0.00,63.64,0.00,0.00,60.00,18.00,28.57,28.57,0.00,0.00,27.27,16.67,20.91,0.00,0.00,76.00,0.00,30.40,0.00,50.00,24.00,0.00,50.00,100.00,39.70,20.50,60.00,36.67,33.53,100.00,100.00,32.00,33.33,100.00,90.00,0.00,100.00,0.00,49.00,75.00,75.00,54.20,50.66,,
1887.00,Education,Schools,East Siang,Ruksin,Ngorlung,27.87,95.23,0.25,1.00,0.60,0.00,0.00,0.20,1.00,0.25,0.33,0.75,1.00,0.52,0.06,0.50,0.00,1.00,1.00,0.00,0.25,1.00,0.12,1.00,0.00,0.00,0.00,0.00,0.00,0.29,0.00,0.36,0.33,1.00,1.00,0.60,1.00,0.00,1.00,0.50,0.10,0.00,0.25,0.00,0.16,0.60,0.67,0.17,0.00,0.33,0.00,1.00,0.75,1.00,1.00,0.00,0.75,25.00,100.00,60.00,0.00,0.00,37.00,100.00,25.00,33.33,51.67,42.87,75.00,100.00,87.50,52.00,5.56,33.42,45.00,45.00,70.00,25.00,56.25,52.38,50.00,50.00,0.00,0.00,0.00,20.00,6.00,28.57,28.57,0.00,0.00,36.36,33.33,34.55,100.00,100.00,84.00,60.00,69.60,100.00,50.00,10.00,0.00,25.00,0.00,30.50,15.88,60.00,36.67,31.68,0.00,0.00,38.13,33.33,0.00,90.00,100.00,100.00,0.00,49.00,75.00,75.00,54.20,45.41,,
1888.00,Education,Schools,East Siang,Ruksin,Ngorlung,27.87,95.22,0.25,0.50,0.50,0.00,0.00,0.20,1.00,0.25,1.00,0.62,1.00,0.20,0.00,0.50,0.00,1.00,0.00,0.00,0.25,1.00,0.12,0.00,0.00,0.00,0.00,0.00,0.00,0.14,0.00,0.36,0.33,0.00,1.00,0.40,1.00,0.00,0.00,0.00,0.08,0.00,0.25,0.00,0.05,0.60,0.67,0.17,0.00,0.33,0.00,1.00,0.25,1.00,0.00,0.17,0.75,25.00,50.00,50.00,0.00,0.00,25.00,100.00,25.00,100.00,85.00,49.00,62.50,100.00,81.25,20.00,0.00,12.00,45.00,45.00,40.00,25.00,56.25,40.38,0.00,0.00,0.00,0.00,0.00,20.00,6.00,14.29,14.29,0.00,0.00,36.36,33.33,34.55,0.00,0.00,76.00,60.00,66.40,0.00,0.00,8.00,0.00,25.00,0.00,7.40,5.38,60.00,36.67,27.48,0.00,0.00,21.68,33.33,0.00,70.00,100.00,0.00,16.67,30.33,75.00,75.00,39.27,37.40,,
1930.00,Education,Schools,Lohit,Tezu,Laboliang,27.99,96.18,1.00,0.50,0.80,0.00,0.00,0.80,1.00,0.25,1.00,0.00,0.86,0.16,0.00,0.00,0.00,0.00,0.00,0.00,0.00,0.00,0.00,0.00,0.00,0.00,0.00,0.00,0.00,0.14,0.71,0.18,0.33,0.00,0.00,0.00,0.00,0.00,0.00,0.00,0.18,0.00,0.25,0.00,0.07,0.20,0.67,0.33,0.00,0.33,0.00,1.00,0.25,1.00,1.00,0.17,0.75,100.00,50.00,80.00,0.00,0.00,46.00,100.00,25.00,100.00,85.00,61.60,0.00,85.71,42.86,16.00,0.00,9.60,0.00,0.00,0.00,0.00,0.00,0.00,0.00,0.00,0.00,0.00,0.00,80.00,24.00,14.29,14.29,71.43,71.43,18.18,33.33,27.27,0.00,0.00,0.00,0.00,0.00,0.00,0.00,18.00,0.00,25.00,0.00,10.40,6.62,20.00,46.67,17.98,0.00,0.00,13.26,33.33,0.00,70.00,100.00,100.00,16.67,50.33,75.00,75.00,55.27,44.88,,
2076.00,Education,Schools,Lower Subansiri,Ziro,Hong,27.54,93.85,0.75,1.00,0.00,0.00,0.00,0.60,0.00,0.75,1.00,0.77,0.86,0.56,0.28,0.50,0.00,1.00,1.00,1.00,0.25,1.00,0.88,0.00,0.00,0.36,1.00,0.00,1.00,0.29,0.71,0.00,0.17,0.00,1.00,1.00,0.00,0.00,1.00,0.00,0.18,0.00,0.25,1.00,0.22,0.80,0.67,0.17,0.00,0.33,0.00,1.00,0.50,1.00,1.00,1.00,0.75,75.00,100.00,0.00,0.00,0.00,35.00,0.00,75.00,100.00,65.00,47.00,77.08,85.71,81.40,56.00,27.78,44.71,45.00,45.00,100.00,25.00,93.75,75.62,0.00,0.00,68.18,0.00,100.00,60.00,48.00,28.57,28.57,71.43,71.43,0.00,16.67,10.00,0.00,0.00,100.00,0.00,40.00,100.00,0.00,18.00,0.00,25.00,100.00,50.40,22.12,80.00,36.67,40.18,0.00,0.00,37.68,33.33,0.00,80.00,100.00,100.00,100.00,68.00,75.00,75.00,69.40,52.04,,
2250.00,Education,Schools,Tirap,Khonsa,Lapnan,26.99,95.49,1.00,0.50,0.60,0.00,0.00,0.40,1.00,0.25,1.00,1.00,0.86,0.16,0.11,0.50,0.00,1.00,0.00,0.00,0.00,0.00,0.00,0.00,0.00,0.00,0.00,0.00,0.00,0.14,0.00,0.36,0.33,0.00,1.00,0.40,1.00,1.00,0.00,0.00,0.10,0.00,0.25,0.00,0.04,0.20,0.67,0.17,0.00,0.33,0.00,1.00,0.25,1.00,1.00,0.67,0.75,100.00,50.00,60.00,0.00,0.00,42.00,100.00,25.00,100.00,85.00,59.20,100.00,85.71,92.86,16.00,11.11,14.04,45.00,45.00,40.00,0.00,0.00,16.00,0.00,0.00,0.00,0.00,0.00,40.00,12.00,14.29,14.29,0.00,0.00,36.36,33.33,34.55,0.00,0.00,76.00,100.00,90.40,0.00,0.00,10.00,0.00,25.00,0.00,8.00,3.88,20.00,36.67,14.88,0.00,0.00,22.18,33.33,0.00,70.00,100.00,100.00,66.67,60.33,75.00,75.00,63.27,49.52,,
2344.00,Education,Schools,Papumpare,Naharlagun,Borum,27.12,93.70,0.50,1.00,1.00,0.00,0.00,0.60,1.00,0.50,1.00,0.62,0.86,0.68,0.06,0.00,0.00,1.00,1.00,0.00,0.25,1.00,0.25,1.00,0.00,0.00,0.00,0.00,0.00,0.14,0.43,0.36,0.33,0.00,1.00,0.20,1.00,1.00,0.00,0.00,0.30,0.00,0.25,0.00,0.25,0.40,0.67,0.17,0.00,0.33,1.00,1.00,0.25,1.00,1.00,0.50,0.75,50.00,100.00,100.00,0.00,0.00,50.00,100.00,50.00,100.00,90.00,66.00,62.50,85.71,74.11,68.00,5.56,43.02,0.00,0.00,70.00,25.00,62.50,54.25,50.00,50.00,0.00,0.00,0.00,60.00,18.00,14.29,14.29,42.86,42.86,36.36,33.33,34.55,0.00,0.00,68.00,100.00,87.20,0.00,0.00,30.00,0.00,25.00,0.00,14.00,25.00,40.00,36.67,29.33,0.00,0.00,30.16,33.33,100.00,70.00,100.00,100.00,50.00,67.00,75.00,75.00,68.60,56.16,,
2452.00,Education,Schools,East Siang,Mebo,Mottum,28.08,95.43,0.25,1.00,0.80,0.00,0.00,0.60,1.00,0.50,1.00,0.72,0.86,0.32,0.33,0.50,0.00,1.00,1.00,1.00,0.25,1.00,0.88,0.00,0.00,0.18,1.00,0.00,0.00,0.14,0.43,0.36,0.33,0.00,1.00,0.20,0.00,0.00,1.00,0.50,0.06,0.00,0.25,0.00,0.11,0.60,0.67,0.17,0.00,0.33,1.00,1.00,0.75,0.00,1.00,0.00,0.75,25.00,100.00,80.00,0.00,0.00,41.00,100.00,50.00,100.00,90.00,60.60,71.88,85.71,78.79,32.00,33.33,32.53,45.00,45.00,100.00,25.00,93.75,75.62,0.00,0.00,59.09,0.00,0.00,60.00,18.00,14.29,14.29,42.86,42.86,36.36,33.33,34.55,0.00,0.00,68.00,0.00,27.20,100.00,50.00,6.00,0.00,25.00,0.00,29.30,10.75,60.00,36.67,29.63,0.00,0.00,31.41,33.33,100.00,90.00,0.00,100.00,0.00,49.00,75.00,75.00,54.20,49.60,,
2893.00,Education,Schools,West Kameng,Shergaon,Shergaon,27.14,92.27,0.25,0.50,0.00,0.00,0.00,0.40,1.00,0.25,1.00,0.62,0.86,0.16,0.00,0.50,0.00,0.00,1.00,0.00,0.25,1.00,0.12,1.00,0.00,0.00,0.00,0.00,0.00,0.14,0.43,0.36,0.33,0.00,0.00,0.00,1.00,1.00,0.00,0.00,0.10,0.00,0.25,0.00,0.03,0.60,0.67,0.17,0.00,0.33,0.00,1.00,0.75,1.00,1.00,0.00,0.75,25.00,50.00,0.00,0.00,0.00,15.00,100.00,25.00,100.00,85.00,43.00,62.50,85.71,74.11,16.00,0.00,9.60,45.00,45.00,30.00,25.00,56.25,36.38,50.00,50.00,0.00,0.00,0.00,40.00,12.00,14.29,14.29,42.86,42.86,36.36,33.33,34.55,0.00,0.00,0.00,100.00,60.00,0.00,0.00,10.00,0.00,25.00,0.00,8.00,2.88,60.00,36.67,26.48,0.00,0.00,28.02,33.33,0.00,90.00,100.00,100.00,0.00,49.00,75.00,75.00,54.20,42.43,,
3529.00,Education,Schools,East Siang,Pasighat,Boyng,28.06,95.29,0.25,1.00,0.00,0.00,0.00,1.00,1.00,0.25,1.00,0.69,0.86,0.48,0.06,0.50,0.00,0.00,0.00,0.00,0.25,0.00,0.00,1.00,0.00,0.00,0.00,0.00,0.00,0.14,0.00,0.36,0.17,0.00,1.00,0.00,1.00,1.00,1.00,0.00,0.16,0.00,0.25,0.00,0.03,0.60,0.67,0.17,0.00,0.33,0.00,1.00,0.25,1.00,1.00,0.00,1.00,25.00,100.00,0.00,0.00,0.00,25.00,100.00,25.00,100.00,85.00,49.00,68.75,85.71,77.23,48.00,5.56,31.02,45.00,45.00,0.00,25.00,0.00,7.50,50.00,50.00,0.00,0.00,0.00,100.00,30.00,14.29,14.29,0.00,0.00,36.36,16.67,24.55,0.00,0.00,60.00,100.00,84.00,100.00,0.00,16.00,0.00,25.00,0.00,29.80,3.38,60.00,36.67,26.68,0.00,0.00,30.02,33.33,0.00,70.00,100.00,100.00,0.00,47.00,100.00,100.00,57.60,46.32,,
790.00,Education,Schools,Lohit,Tezu,Lohitpur,27.99,96.20,0.25,1.00,0.50,0.00,0.00,0.80,1.00,0.00,1.00,0.62,0.86,0.08,0.00,0.00,0.00,0.00,0.00,0.00,0.25,0.00,0.00,0.00,0.00,0.00,0.00,0.00,0.00,0.14,0.43,0.36,0.33,0.00,0.00,0.00,1.00,0.00,0.00,0.00,0.04,0.00,0.25,0.00,0.03,0.20,0.67,0.17,0.00,0.33,0.00,1.00,0.75,1.00,1.00,0.00,0.75,25.00,100.00,50.00,0.00,0.00,35.00,100.00,0.00,100.00,80.00,53.00,62.50,85.71,74.11,8.00,0.00,4.80,0.00,0.00,0.00,25.00,0.00,7.50,0.00,0.00,0.00,0.00,0.00,80.00,24.00,14.29,14.29,42.86,42.86,36.36,33.33,34.55,0.00,0.00,0.00,60.00,36.00,0.00,0.00,4.00,0.00,25.00,0.00,6.20,2.50,20.00,36.67,14.33,0.00,0.00,15.21,33.33,0.00,90.00,100.00,100.00,0.00,49.00,75.00,75.00,54.20,42.08,,
819.00,Education,Schools,East Siang,Oyan,Sille Village,27.90,95.30,0.25,0.50,0.80,0.25,0.00,0.60,0.00,0.25,1.00,0.56,0.86,0.52,1.00,0.50,0.00,0.00,0.00,0.00,0.25,1.00,0.12,0.00,0.00,0.18,0.67,0.00,0.00,0.14,0.00,0.18,0.00,0.00,1.00,0.40,0.00,0.00,1.00,0.50,0.20,0.00,0.25,0.00,0.01,0.40,0.67,0.17,0.00,0.33,0.00,1.00,0.25,1.00,1.00,0.50,0.75,25.00,50.00,80.00,25.00,0.00,38.50,0.00,25.00,100.00,55.00,45.10,56.25,85.71,70.98,52.00,100.00,71.20,45.00,45.00,0.00,25.00,56.25,24.38,0.00,0.00,42.42,0.00,0.00,60.00,18.00,14.29,14.29,0.00,0.00,18.18,0.00,7.27,0.00,0.00,76.00,0.00,30.40,100.00,50.00,20.00,0.00,25.00,0.00,33.50,1.50,40.00,36.67,19.93,0.00,0.00,26.72,33.33,0.00,70.00,100.00,100.00,50.00,57.00,75.00,75.00,60.60,45.01,,
824.00,Education,Schools,Changlang,Changlang,Changlang (CT),27.13,95.75,1.00,0.75,0.40,0.00,0.00,0.80,1.00,0.25,1.00,0.56,0.86,0.20,0.00,0.50,0.00,1.00,0.00,1.00,0.25,0.00,0.00,0.00,0.00,0.00,0.00,0.00,0.00,0.14,0.71,0.36,0.33,1.00,1.00,0.40,1.00,1.00,0.00,0.00,0.10,0.00,0.25,0.00,0.05,0.40,0.67,0.17,0.00,0.33,0.00,1.00,0.25,1.00,1.00,0.83,0.75,100.00,75.00,40.00,0.00,0.00,43.00,100.00,25.00,100.00,85.00,59.80,56.25,85.71,70.98,20.00,0.00,12.00,45.00,45.00,70.00,25.00,0.00,35.50,0.00,0.00,0.00,0.00,0.00,80.00,24.00,14.29,14.29,71.43,71.43,36.36,33.33,34.55,100.00,100.00,76.00,100.00,90.40,0.00,0.00,10.00,0.00,25.00,0.00,8.00,5.12,40.00,36.67,21.38,0.00,0.00,31.35,33.33,0.00,70.00,100.00,100.00,83.33,63.67,75.00,75.00,65.93,53.41,,
847.00,Education,Schools,Lower Subansiri,Yachuli,Jara,27.52,93.77,0.25,0.25,0.96,0.00,0.67,0.60,1.00,0.00,1.00,0.38,0.86,0.20,0.11,0.50,0.00,0.00,0.00,0.00,0.00,0.00,0.00,0.00,0.00,0.00,0.00,0.00,0.00,0.14,0.00,0.36,0.33,0.00,0.00,0.00,0.00,0.00,0.00,0.50,0.10,0.00,0.25,0.00,0.02,0.20,0.00,0.50,0.00,0.33,0.00,0.00,0.00,1.00,1.00,0.00,0.75,25.00,25.00,96.00,0.00,66.67,35.87,100.00,0.00,100.00,80.00,53.52,37.50,85.71,61.61,20.00,11.11,16.44,45.00,45.00,0.00,0.00,0.00,0.00,0.00,0.00,0.00,0.00,0.00,60.00,18.00,14.29,14.29,0.00,0.00,36.36,33.33,34.55,0.00,0.00,0.00,0.00,0.00,0.00,50.00,10.00,0.00,25.00,0.00,10.50,2.25,20.00,30.00,12.90,0.00,0.00,15.99,33.33,0.00,0.00,100.00,100.00,0.00,40.00,75.00,75.00,47.00,39.98,,
862.00,Education,Schools,Tirap,Khonsa,Kheti,26.96,95.51,0.25,1.00,0.90,0.00,0.00,0.40,1.00,0.25,1.00,0.62,0.86,0.12,0.11,0.00,0.00,1.00,0.00,0.00,0.25,1.00,0.75,0.00,0.00,0.00,0.00,0.00,0.00,0.14,0.43,0.36,0.17,0.00,1.00,0.00,1.00,0.00,0.00,0.00,0.14,0.00,0.25,0.00,0.03,0.60,0.67,0.17,0.00,0.33,0.00,1.00,0.75,1.00,1.00,0.00,1.00,25.00,100.00,90.00,0.00,0.00,43.00,100.00,25.00,100.00,85.00,59.80,62.50,85.71,74.11,12.00,11.11,11.64,0.00,0.00,40.00,25.00,87.50,49.75,0.00,0.00,0.00,0.00,0.00,40.00,12.00,14.29,14.29,42.86,42.86,36.36,16.67,24.55,0.00,0.00,60.00,60.00,60.00,0.00,0.00,14.00,0.00,25.00,0.00,9.20,2.62,60.00,36.67,26.38,0.00,0.00,18.51,33.33,0.00,90.00,100.00,100.00,0.00,49.00,100.00,100.00,59.20,47.20,,
869.00,Education,Schools,Tirap,Khonsa,Khonsa I,27.00,95.51,0.50,1.00,0.90,0.00,0.00,0.80,1.00,0.25,1.00,0.62,0.86,0.16,0.06,0.00,0.00,0.00,0.00,0.00,0.00,1.00,0.12,0.00,0.00,0.00,0.00,0.00,0.00,0.14,0.43,0.36,0.33,0.00,1.00,0.60,1.00,1.00,0.00,0.50,0.10,0.00,0.25,0.00,0.02,0.20,0.67,0.17,0.00,0.33,0.00,1.00,0.50,1.00,1.00,0.00,0.75,50.00,100.00,90.00,0.00,0.00,48.00,100.00,25.00,100.00,85.00,62.80,62.50,85.71,74.11,16.00,5.56,11.82,0.00,0.00,0.00,0.00,56.25,16.88,0.00,0.00,0.00,0.00,0.00,80.00,24.00,14.29,14.29,42.86,42.86,36.36,33.33,34.55,0.00,0.00,84.00,100.00,93.60,0.00,50.00,10.00,0.00,25.00,0.00,10.50,1.62,20.00,36.67,13.98,0.00,0.00,19.67,33.33,0.00,80.00,100.00,100.00,0.00,48.00,75.00,75.00,53.40,46.57,,
881.00,Education,Schools,Changlang,Changlang,Ngaichang,27.12,95.73,0.50,0.00,0.00,0.00,0.67,0.80,1.00,0.25,1.00,0.50,0.86,0.12,0.00,0.50,0.00,1.00,0.00,0.00,0.25,0.00,0.00,0.00,0.00,0.00,0.00,0.00,0.00,0.14,0.71,0.36,0.33,0.00,0.00,0.00,1.00,1.00,0.00,0.00,0.10,0.00,0.25,0.00,0.04,0.20,0.67,0.17,0.00,0.33,0.00,1.00,0.50,1.00,1.00,0.00,0.75,50.00,0.00,0.00,0.00,66.67,16.67,100.00,25.00,100.00,85.00,44.00,50.00,85.71,67.86,12.00,0.00,7.20,45.00,45.00,40.00,25.00,0.00,23.50,0.00,0.00,0.00,0.00,0.00,80.00,24.00,14.29,14.29,71.43,71.43,36.36,33.33,34.55,0.00,0.00,0.00,100.00,60.00,0.00,0.00,10.00,0.00,25.00,0.00,8.00,4.38,20.00,36.67,15.08,0.00,0.00,23.28,33.33,0.00,80.00,100.00,100.00,0.00,48.00,75.00,75.00,53.40,41.07,,
902.00,Education,Schools,West Kameng,Singchung,Singchung,27.20,92.47,1.00,1.00,0.80,0.00,0.00,0.60,1.00,0.00,1.00,0.88,0.86,0.68,0.39,0.50,0.00,1.00,1.00,1.00,0.00,1.00,0.12,0.00,0.00,0.00,0.00,0.00,0.00,0.29,0.43,0.36,0.33,0.00,0.00,0.00,1.00,1.00,1.00,0.50,0.32,0.00,0.25,1.00,0.34,0.20,0.67,0.17,0.00,0.33,0.00,1.00,1.00,1.00,1.00,0.00,0.75,100.00,100.00,80.00,0.00,0.00,56.00,100.00,0.00,100.00,80.00,65.60,87.50,85.71,86.61,68.00,38.89,56.36,45.00,45.00,100.00,0.00,56.25,56.88,0.00,0.00,0.00,0.00,0.00,60.00,18.00,28.57,28.57,42.86,42.86,36.36,33.33,34.55,0.00,0.00,0.00,100.00,60.00,100.00,50.00,32.00,0.00,25.00,100.00,57.10,34.25,20.00,36.67,27.03,0.00,0.00,35.30,33.33,0.00,100.00,100.00,100.00,0.00,50.00,75.00,75.00,55.00,52.80,,
919.00,Education,Schools,Tirap,Khonsa,Kheti,26.97,95.51,0.25,1.00,1.00,0.00,0.00,0.40,1.00,0.25,1.00,0.73,0.86,0.56,0.00,0.33,0.00,1.00,1.00,0.00,0.25,1.00,0.75,1.00,0.00,0.36,1.00,0.00,0.00,0.43,0.00,0.00,0.17,1.00,1.00,0.00,1.00,0.00,1.00,0.50,0.18,0.00,0.25,1.00,0.45,0.80,0.67,0.17,1.00,0.33,0.00,1.00,0.25,1.00,1.00,0.00,0.75,25.00,100.00,100.00,0.00,0.00,45.00,100.00,25.00,100.00,85.00,61.00,72.92,85.71,79.32,56.00,0.00,33.60,30.00,30.00,70.00,25.00,87.50,61.75,50.00,50.00,68.18,0.00,0.00,40.00,12.00,42.86,42.86,0.00,0.00,0.00,16.67,10.00,100.00,100.00,60.00,60.00,60.00,100.00,50.00,18.00,0.00,25.00,100.00,52.90,45.00,80.00,36.67,49.33,100.00,100.00,46.32,33.33,0.00,70.00,100.00,100.00,0.00,47.00,75.00,75.00,52.60,53.66,,
1029.00,Education,Schools,East Siang,Oyan,Sille Village,27.91,95.30,0.25,0.50,1.00,0.00,0.00,0.60,0.00,0.00,0.22,0.69,0.86,0.20,0.28,0.50,0.00,0.00,0.00,0.00,0.25,0.00,0.00,0.00,0.00,0.00,0.00,0.00,0.00,0.14,0.43,0.36,0.33,0.00,0.00,0.00,1.00,1.00,1.00,0.00,0.10,0.00,0.25,0.00,0.08,0.60,0.67,0.17,1.00,0.33,0.00,1.00,0.75,1.00,1.00,0.67,1.00,25.00,50.00,100.00,0.00,0.00,35.00,0.00,0.00,22.22,11.11,25.44,68.75,85.71,77.23,20.00,27.78,23.11,45.00,45.00,0.00,25.00,0.00,7.50,0.00,0.00,0.00,0.00,0.00,60.00,18.00,14.29,14.29,42.86,42.86,36.36,33.33,34.55,0.00,0.00,0.00,100.00,60.00,100.00,0.00,10.00,0.00,25.00,0.00,28.00,8.25,60.00,36.67,28.63,100.00,100.00,30.49,33.33,0.00,90.00,100.00,100.00,66.67,62.33,100.00,100.00,69.87,42.51,,
1164.00,Education,Schools,Lower Subansiri,Yachuli,Yoglo,27.51,93.70,0.50,0.50,0.90,0.00,0.00,0.20,1.00,0.25,1.00,0.56,0.86,0.08,0.00,0.00,0.00,1.00,0.00,0.00,0.25,0.00,0.00,0.00,0.00,0.00,0.00,0.00,0.00,0.14,0.43,0.36,0.17,0.00,0.00,0.00,0.00,0.00,0.00,0.00,0.04,0.00,0.25,0.00,0.04,0.20,0.67,0.17,0.00,0.33,0.00,1.00,0.25,1.00,1.00,0.00,0.75,50.00,50.00,90.00,0.00,0.00,38.00,100.00,25.00,100.00,85.00,56.80,56.25,85.71,70.98,8.00,0.00,4.80,0.00,0.00,40.00,25.00,0.00,23.50,0.00,0.00,0.00,0.00,0.00,20.00,6.00,14.29,14.29,42.86,42.86,36.36,16.67,24.55,0.00,0.00,0.00,0.00,0.00,0.00,0.00,4.00,0.00,25.00,0.00,6.20,3.75,20.00,36.67,14.83,0.00,0.00,12.18,33.33,0.00,70.00,100.00,100.00,0.00,47.00,75.00,75.00,52.60,41.94,,
1169.00,Education,Schools,East Siang,Oyan,Sille Village,27.90,95.31,0.25,0.50,1.00,0.00,0.00,0.60,0.00,0.25,1.00,0.75,0.86,0.32,0.00,0.50,0.00,0.00,0.00,0.00,0.25,0.00,0.00,0.00,0.00,0.00,0.00,0.00,0.00,0.14,0.00,0.36,0.33,0.00,1.00,0.60,1.00,1.00,0.00,0.00,0.16,0.00,0.25,0.00,0.01,0.20,0.67,0.17,0.00,0.33,0.00,1.00,0.50,1.00,1.00,0.67,0.75,25.00,50.00,100.00,0.00,0.00,35.00,0.00,25.00,100.00,55.00,43.00,75.00,85.71,80.36,32.00,0.00,19.20,45.00,45.00,0.00,25.00,0.00,7.50,0.00,0.00,0.00,0.00,0.00,60.00,18.00,14.29,14.29,0.00,0.00,36.36,33.33,34.55,0.00,0.00,84.00,100.00,93.60,0.00,0.00,16.00,0.00,25.00,0.00,9.80,1.00,20.00,36.67,13.73,0.00,0.00,22.23,33.33,0.00,80.00,100.00,100.00,66.67,61.33,75.00,75.00,64.07,44.14,,
1171.00,Education,Schools,Tirap,Khonsa,Kaimoi,27.04,95.50,1.00,0.50,0.40,0.00,0.00,0.60,1.00,0.00,1.00,0.50,0.86,0.16,0.00,0.50,0.00,0.00,0.00,0.00,0.00,0.00,0.00,1.00,0.00,0.00,0.00,0.00,0.00,0.14,0.14,0.36,0.33,0.00,0.00,0.00,1.00,1.00,0.00,0.00,0.08,0.00,0.25,1.00,0.04,0.20,0.67,0.17,0.00,0.33,0.00,1.00,0.25,1.00,1.00,0.00,0.75,100.00,50.00,40.00,0.00,0.00,38.00,100.00,0.00,100.00,80.00,54.80,50.00,85.71,67.86,16.00,0.00,9.60,45.00,45.00,0.00,0.00,0.00,0.00,50.00,50.00,0.00,0.00,0.00,60.00,18.00,14.29,14.29,14.29,14.29,36.36,33.33,34.55,0.00,0.00,0.00,100.00,60.00,0.00,0.00,8.00,0.00,25.00,100.00,27.40,4.38,20.00,36.67,15.08,0.00,0.00,26.13,33.33,0.00,70.00,100.00,100.00,0.00,47.00,75.00,75.00,52.60,45.43,,
1189.00,Education,Schools,East Siang,Oyan,Sille Village,27.90,95.30,0.75,0.50,1.00,0.25,0.00,0.60,0.00,0.25,1.00,0.56,0.86,0.52,0.33,0.50,0.00,0.00,0.00,0.00,0.25,0.00,0.00,0.00,0.00,0.18,1.00,0.00,0.00,0.14,0.14,0.18,0.00,0.00,1.00,0.80,0.00,0.00,0.00,0.50,0.20,0.00,0.25,0.00,0.01,0.60,0.67,0.17,0.00,0.33,0.00,1.00,0.25,1.00,1.00,0.00,0.75,75.00,50.00,100.00,25.00,0.00,52.50,0.00,25.00,100.00,55.00,53.50,56.25,85.71,70.98,52.00,33.33,44.53,45.00,45.00,0.00,25.00,0.00,7.50,0.00,0.00,59.09,0.00,0.00,60.00,18.00,14.29,14.29,14.29,14.29,18.18,0.00,7.27,0.00,0.00,92.00,0.00,36.80,0.00,50.00,20.00,0.00,25.00,0.00,13.50,1.25,60.00,36.67,25.83,0.00,0.00,23.37,33.33,0.00,70.00,100.00,100.00,0.00,47.00,75.00,75.00,52.60,44.15,,
1194.00,Education,Schools,East Siang,Pasighat,Balek,28.06,95.29,0.25,1.00,0.60,0.00,0.00,1.00,1.00,0.25,1.00,0.72,0.86,0.60,0.28,0.00,0.00,0.00,0.00,0.00,0.25,0.00,0.00,1.00,1.00,0.00,0.00,0.00,0.00,0.14,0.00,0.36,0.17,0.00,1.00,0.00,1.00,1.00,0.00,0.50,0.10,0.00,0.25,1.00,0.16,0.60,0.67,0.17,0.00,0.33,0.00,1.00,0.25,1.00,1.00,0.00,0.75,25.00,100.00,60.00,0.00,0.00,37.00,100.00,25.00,100.00,85.00,56.20,71.88,85.71,78.79,60.00,27.78,47.11,0.00,0.00,0.00,25.00,0.00,7.50,100.00,100.00,0.00,0.00,0.00,100.00,30.00,14.29,14.29,0.00,0.00,36.36,16.67,24.55,0.00,0.00,60.00,100.00,84.00,0.00,50.00,10.00,0.00,25.00,100.00,30.50,16.00,60.00,36.67,31.73,0.00,0.00,32.53,33.33,0.00,70.00,100.00,100.00,0.00,47.00,75.00,75.00,52.60,47.84,,
1195.00,Education,Schools,East Siang,Oyan,Oyan Village,27.88,95.31,0.25,1.00,1.00,0.50,0.00,0.80,0.00,0.25,1.00,0.62,0.86,0.48,0.44,0.50,0.00,0.00,0.00,0.00,0.25,1.00,0.25,0.00,0.00,0.36,1.00,0.00,0.00,0.14,0.00,0.00,0.17,0.00,1.00,0.40,0.00,0.00,1.00,0.50,0.20,0.00,0.25,0.00,0.33,0.20,0.67,0.17,0.00,0.33,0.00,1.00,0.75,1.00,1.00,0.50,1.00,25.00,100.00,100.00,50.00,0.00,60.00,0.00,25.00,100.00,55.00,58.00,62.50,85.71,74.11,48.00,44.44,46.58,45.00,45.00,0.00,25.00,62.50,26.25,0.00,0.00,68.18,0.00,0.00,80.00,24.00,14.29,14.29,0.00,0.00,0.00,16.67,10.00,0.00,0.00,76.00,0.00,30.40,100.00,50.00,20.00,0.00,25.00,0.00,33.50,32.50,20.00,36.67,26.33,0.00,0.00,26.69,33.33,0.00,90.00,100.00,100.00,50.00,59.00,100.00,100.00,67.20,51.83,,
1246.00,Education,Schools,Changlang,Changlang,Changlang (CT),27.14,95.74,0.25,0.00,0.60,0.00,0.00,0.80,1.00,0.25,1.00,0.50,0.86,0.16,0.06,0.50,0.00,1.00,1.00,1.00,0.25,1.00,0.75,1.00,0.00,0.00,0.00,0.00,0.00,0.14,0.43,0.36,0.33,0.00,1.00,0.40,1.00,1.00,0.00,0.00,0.14,0.00,0.25,0.00,0.03,0.40,0.67,0.17,1.00,0.33,0.00,1.00,0.25,1.00,1.00,0.50,0.75,25.00,0.00,60.00,0.00,0.00,17.00,100.00,25.00,100.00,85.00,44.20,50.00,85.71,67.86,16.00,5.56,11.82,45.00,45.00,100.00,25.00,87.50,73.75,50.00,50.00,0.00,0.00,0.00,80.00,24.00,14.29,14.29,42.86,42.86,36.36,33.33,34.55,0.00,0.00,76.00,100.00,90.40,0.00,0.00,14.00,0.00,25.00,0.00,9.20,3.12,40.00,36.67,20.58,100.00,100.00,36.74,33.33,0.00,70.00,100.00,100.00,50.00,57.00,75.00,75.00,60.60,47.70,,
1253.00,Education,Schools,East Siang,Mebo,Mebo,28.17,95.40,0.25,0.50,0.70,0.00,0.00,0.20,0.00,0.25,1.00,0.88,0.14,0.24,0.00,0.50,0.00,1.00,1.00,0.00,0.50,1.00,0.12,0.00,0.00,0.00,0.00,0.00,0.00,0.14,0.43,0.36,0.33,0.00,1.00,0.20,1.00,1.00,0.00,0.00,0.10,0.00,0.25,0.00,0.07,0.20,0.67,0.17,1.00,0.33,1.00,1.00,0.75,1.00,1.00,0.67,0.75,25.00,50.00,70.00,0.00,0.00,29.00,0.00,25.00,100.00,55.00,39.40,87.50,14.29,50.89,24.00,0.00,14.40,45.00,45.00,70.00,50.00,56.25,59.88,0.00,0.00,0.00,0.00,0.00,20.00,6.00,14.29,14.29,42.86,42.86,36.36,33.33,34.55,0.00,0.00,68.00,100.00,87.20,0.00,0.00,10.00,0.00,25.00,0.00,8.00,6.62,20.00,36.67,15.98,100.00,100.00,29.05,33.33,100.00,90.00,100.00,100.00,66.67,72.33,75.00,75.00,72.87,48.01,,
1255.00,Education,Schools,East Siang,Mebo,Mebo,28.17,95.41,0.25,0.50,0.90,0.00,0.00,0.20,1.00,0.25,1.00,0.81,0.14,0.44,0.06,0.50,0.00,1.00,1.00,0.00,0.25,1.00,0.88,1.00,0.00,0.09,0.67,0.00,1.00,0.14,0.43,0.36,0.33,0.00,1.00,0.80,1.00,1.00,0.00,0.50,0.16,0.00,0.25,0.00,0.16,0.20,0.67,0.17,1.00,0.33,1.00,1.00,0.75,1.00,1.00,0.67,0.75,25.00,50.00,90.00,0.00,0.00,33.00,100.00,25.00,100.00,85.00,53.80,81.25,14.29,47.77,44.00,5.56,28.62,45.00,45.00,70.00,25.00,93.75,63.62,50.00,50.00,37.88,0.00,100.00,20.00,36.00,14.29,14.29,42.86,42.86,36.36,33.33,34.55,0.00,0.00,92.00,100.00,96.80,0.00,50.00,16.00,0.00,25.00,0.00,12.30,16.38,20.00,36.67,19.88,100.00,100.00,40.00,33.33,100.00,90.00,100.00,100.00,66.67,72.33,75.00,75.00,72.87,56.33,,
1256.00,Education,Schools,West Kameng,Singchung,Tenga Valley,27.20,92.48,1.00,1.00,0.90,1.00,0.67,0.60,1.00,1.00,1.00,0.83,0.86,1.00,0.06,0.00,0.00,1.00,1.00,1.00,0.25,1.00,0.88,1.00,0.00,0.18,0.33,0.00,1.00,0.14,0.71,0.00,0.33,1.00,1.00,0.60,0.00,0.00,1.00,0.00,0.48,1.00,0.50,1.00,0.94,0.60,0.67,0.17,1.00,0.33,0.00,1.00,0.50,1.00,1.00,0.00,0.75,100.00,100.00,90.00,100.00,66.67,94.67,100.00,100.00,100.00,100.00,96.80,83.33,85.71,84.52,100.00,5.56,62.22,0.00,0.00,100.00,25.00,93.75,75.62,50.00,50.00,25.76,0.00,100.00,60.00,48.00,14.29,14.29,71.43,71.43,0.00,33.33,20.00,100.00,100.00,84.00,0.00,33.60,100.00,0.00,48.00,100.00,50.00,100.00,69.40,93.50,60.00,36.67,62.73,100.00,100.00,50.96,33.33,0.00,80.00,100.00,100.00,0.00,48.00,75.00,75.00,53.40,67.86,,
1260.00,Education,Schools,East Siang,Oyan,Sille Village,27.89,95.31,0.50,1.00,1.00,0.00,0.00,0.80,1.00,0.25,1.00,0.75,0.86,0.76,0.22,0.50,0.00,0.00,0.00,0.00,0.25,1.00,0.25,0.00,0.00,0.36,1.00,0.00,0.00,0.14,0.43,0.36,0.33,0.00,1.00,0.00,0.00,0.00,0.00,0.00,0.18,1.00,0.25,0.00,0.48,0.40,0.67,0.17,0.00,0.33,0.00,1.00,0.25,1.00,1.00,0.00,0.75,50.00,100.00,100.00,0.00,0.00,50.00,100.00,25.00,100.00,85.00,64.00,75.00,85.71,80.36,76.00,22.22,54.49,45.00,45.00,0.00,25.00,62.50,26.25,0.00,0.00,68.18,0.00,0.00,80.00,24.00,14.29,14.29,42.86,42.86,36.36,33.33,34.55,0.00,0.00,60.00,0.00,24.00,0.00,0.00,18.00,100.00,25.00,0.00,15.40,47.62,40.00,36.67,38.38,0.00,0.00,30.86,33.33,0.00,70.00,100.00,100.00,0.00,47.00,75.00,75.00,52.60,50.07,,
1274.00,Education,Schools,East Siang,Oyan,Oyan Village,27.89,95.31,0.50,0.25,1.00,0.00,0.00,0.80,1.00,0.25,1.00,0.69,0.86,0.24,0.11,0.00,0.00,0.00,0.00,0.00,0.25,1.00,0.25,0.00,0.00,0.00,0.00,0.00,0.00,0.14,0.43,0.36,0.33,0.00,1.00,0.80,1.00,1.00,1.00,0.00,0.06,0.00,0.25,0.00,0.04,0.40,0.67,0.33,1.00,0.33,0.00,1.00,0.75,1.00,1.00,0.00,1.00,50.00,25.00,100.00,0.00,0.00,35.00,100.00,25.00,100.00,85.00,55.00,68.75,85.71,77.23,24.00,11.11,18.84,0.00,0.00,0.00,25.00,62.50,26.25,0.00,0.00,0.00,0.00,0.00,80.00,24.00,14.29,14.29,42.86,42.86,36.36,33.33,34.55,0.00,0.00,92.00,100.00,96.80,100.00,0.00,6.00,0.00,25.00,0.00,26.80,3.62,40.00,46.67,22.78,100.00,100.00,28.23,33.33,0.00,90.00,100.00,100.00,0.00,49.00,100.00,100.00,59.20,48.44,,
1276.00,Education,Schools,East Siang,Oyan,Sille Village,27.93,95.28,0.50,0.50,0.20,0.00,0.00,0.40,0.00,0.25,1.00,0.69,0.86,0.24,0.00,0.00,0.00,0.00,0.00,0.00,0.25,1.00,0.25,0.00,0.00,0.00,0.00,0.00,0.00,0.14,0.29,0.36,0.33,0.00,0.00,0.00,1.00,1.00,0.00,0.00,0.04,0.00,0.25,0.00,0.04,0.20,0.67,0.17,0.00,0.33,1.00,1.00,1.00,1.00,1.00,0.00,1.00,50.00,50.00,20.00,0.00,0.00,24.00,0.00,25.00,100.00,55.00,36.40,68.75,85.71,77.23,24.00,0.00,14.40,0.00,0.00,0.00,25.00,62.50,26.25,0.00,0.00,0.00,0.00,0.00,40.00,12.00,14.29,14.29,28.57,28.57,36.36,33.33,34.55,0.00,0.00,0.00,100.00,60.00,0.00,0.00,4.00,0.00,25.00,0.00,6.20,3.75,20.00,36.67,14.83,0.00,0.00,17.17,33.33,100.00,100.00,100.00,100.00,0.00,60.00,100.00,100.00,68.00,41.69,,
1279.00,Education,Schools,Papumpare,Sangdupota,Jote,27.04,93.47,0.25,0.50,0.80,0.00,0.33,0.20,0.00,0.25,1.00,0.75,0.86,0.56,0.06,0.50,0.00,0.00,1.00,0.00,0.25,1.00,0.12,1.00,0.50,0.00,0.00,0.00,0.00,0.14,0.71,0.36,0.33,0.00,0.00,0.00,1.00,1.00,1.00,0.00,0.10,1.00,0.25,0.00,0.11,0.60,0.67,0.33,0.00,0.33,0.00,1.00,0.50,1.00,1.00,0.00,0.75,25.00,50.00,80.00,0.00,33.33,34.33,0.00,25.00,100.00,55.00,42.60,75.00,85.71,80.36,56.00,5.56,35.82,45.00,45.00,30.00,25.00,56.25,36.38,75.00,75.00,0.00,0.00,0.00,20.00,6.00,14.29,14.29,71.43,71.43,36.36,33.33,34.55,0.00,0.00,0.00,100.00,60.00,100.00,0.00,10.00,100.00,25.00,0.00,33.00,11.25,60.00,46.67,31.83,0.00,0.00,37.35,33.33,0.00,80.00,100.00,100.00,0.00,48.00,75.00,75.00,53.40,44.81,,
1283.00,Education,Schools,West Kameng,Shergaon,Shergaon,27.12,92.26,0.25,0.50,0.00,0.00,0.00,0.40,0.00,0.75,1.00,0.62,0.86,0.36,0.44,0.50,0.00,1.00,1.00,1.00,0.25,1.00,0.38,1.00,0.00,0.18,0.67,0.00,0.00,0.29,0.00,0.18,0.17,0.00,1.00,1.00,1.00,1.00,1.00,0.50,0.14,0.00,0.25,1.00,0.12,0.60,0.67,0.17,0.00,0.33,1.00,1.00,1.00,0.00,1.00,0.00,0.75,25.00,50.00,0.00,0.00,0.00,15.00,0.00,75.00,100.00,65.00,35.00,62.50,85.71,74.11,36.00,44.44,39.38,45.00,45.00,100.00,25.00,68.75,68.12,50.00,50.00,42.42,0.00,0.00,40.00,12.00,28.57,28.57,0.00,0.00,18.18,16.67,17.27,0.00,0.00,100.00,100.00,100.00,100.00,50.00,14.00,0.00,25.00,100.00,51.70,11.50,60.00,36.67,29.93,0.00,0.00,38.09,33.33,100.00,100.00,0.00,100.00,0.00,50.00,75.00,75.00,55.00,42.93,,
1286.00,Education,Schools,West Kameng,Shergaon,Shergaon,27.11,92.25,0.25,1.00,0.00,0.00,0.00,0.40,1.00,0.00,0.44,0.75,0.86,0.48,0.06,0.50,0.00,1.00,0.00,0.00,0.25,0.00,0.00,1.00,0.00,0.00,0.00,0.00,0.00,0.14,0.71,0.36,0.33,0.00,0.00,0.00,1.00,1.00,0.00,0.50,0.12,0.00,0.50,1.00,0.06,0.60,0.67,0.17,1.00,0.33,0.00,1.00,0.75,1.00,1.00,0.00,0.75,25.00,100.00,0.00,0.00,0.00,25.00,100.00,0.00,44.44,52.22,35.89,75.00,85.71,80.36,48.00,5.56,31.02,45.00,45.00,40.00,25.00,0.00,23.50,50.00,50.00,0.00,0.00,0.00,40.00,12.00,14.29,14.29,71.43,71.43,36.36,33.33,34.55,0.00,0.00,0.00,100.00,60.00,0.00,50.00,12.00,0.00,50.00,100.00,36.10,5.88,60.00,36.67,27.68,100.00,100.00,39.13,33.33,0.00,90.00,100.00,100.00,0.00,49.00,75.00,75.00,54.20,43.27,,
1306.00,Education,Schools,West Siang,Darak,Kambu,28.27,94.70,0.25,0.50,0.80,0.00,0.00,0.80,1.00,0.00,1.00,0.62,0.86,0.12,0.00,0.50,0.00,1.00,1.00,0.00,0.00,0.00,0.00,0.00,0.00,0.00,0.00,0.00,0.00,0.14,0.71,0.36,0.33,0.00,0.00,0.00,1.00,0.00,1.00,0.00,0.14,0.00,0.25,0.00,0.04,0.40,0.67,0.33,0.00,0.33,0.00,1.00,0.25,1.00,1.00,0.83,1.00,25.00,50.00,80.00,0.00,0.00,31.00,100.00,0.00,100.00,80.00,50.60,62.50,85.71,74.11,12.00,0.00,7.20,45.00,45.00,70.00,0.00,0.00,28.00,0.00,0.00,0.00,0.00,0.00,80.00,24.00,14.29,14.29,71.43,71.43,36.36,33.33,34.55,0.00,0.00,0.00,60.00,36.00,100.00,0.00,14.00,0.00,25.00,0.00,29.20,3.75,40.00,46.67,22.83,0.00,0.00,25.13,33.33,0.00,70.00,100.00,100.00,83.33,63.67,100.00,100.00,70.93,50.07,,
1312.00,Education,Schools,Lower Subansiri,Ziro,Tajang,27.62,93.84,0.50,0.50,0.40,0.00,0.00,0.40,1.00,0.25,1.00,0.62,0.86,0.40,0.11,0.50,0.00,1.00,1.00,0.00,0.25,0.00,0.00,1.00,0.00,0.00,0.00,0.00,0.00,0.14,0.71,0.36,0.33,0.00,0.00,0.00,1.00,1.00,1.00,0.00,0.10,0.00,0.25,0.00,0.03,0.60,0.67,0.17,0.00,0.33,0.00,1.00,0.25,1.00,1.00,1.00,0.75,50.00,50.00,40.00,0.00,0.00,28.00,100.00,25.00,100.00,85.00,50.80,62.50,85.71,74.11,40.00,11.11,28.44,45.00,45.00,70.00,25.00,0.00,35.50,50.00,50.00,0.00,0.00,0.00,40.00,12.00,14.29,14.29,71.43,71.43,36.36,33.33,34.55,0.00,0.00,0.00,100.00,60.00,100.00,0.00,10.00,0.00,25.00,0.00,28.00,2.50,60.00,36.67,26.33,0.00,0.00,33.28,33.33,0.00,70.00,100.00,100.00,100.00,67.00,75.00,75.00,68.60,51.77,,
1330.00,Education,Schools,Lower Subansiri,Ziro,Siro,27.53,93.84,1.00,0.50,0.00,0.00,0.00,0.60,1.00,0.25,1.00,0.75,0.86,0.64,0.22,0.50,0.00,1.00,1.00,0.00,0.25,1.00,0.12,1.00,0.00,0.00,0.00,0.00,0.00,0.14,0.71,0.36,0.17,1.00,1.00,1.00,1.00,1.00,0.00,0.50,0.18,0.00,0.25,1.00,0.10,0.60,0.67,0.17,0.00,0.33,1.00,1.00,0.75,1.00,1.00,1.00,0.75,100.00,50.00,0.00,0.00,0.00,30.00,100.00,25.00,100.00,85.00,52.00,75.00,85.71,80.36,64.00,22.22,47.29,45.00,45.00,70.00,25.00,56.25,52.38,50.00,50.00,0.00,0.00,0.00,60.00,18.00,14.29,14.29,71.43,71.43,36.36,16.67,24.55,100.00,100.00,100.00,100.00,100.00,0.00,50.00,18.00,0.00,25.00,100.00,32.90,9.50,60.00,36.67,29.13,0.00,0.00,43.25,33.33,100.00,90.00,100.00,100.00,100.00,79.00,75.00,75.00,78.20,58.55,,
1383.00,Education,Schools,West Kameng,Shergaon,Shergaon,27.12,92.26,0.50,0.50,0.00,0.00,0.00,0.40,0.00,0.50,1.00,0.44,0.86,0.36,0.39,0.50,0.00,0.00,0.00,0.00,0.25,1.00,0.38,1.00,0.00,0.18,1.00,0.00,0.00,0.14,0.00,0.18,0.17,0.00,1.00,1.00,1.00,1.00,0.00,0.50,0.16,0.00,0.25,0.00,0.06,0.60,0.67,0.17,0.00,0.33,0.00,1.00,0.50,0.00,1.00,0.00,0.75,50.00,50.00,0.00,0.00,0.00,20.00,0.00,50.00,100.00,60.00,36.00,43.75,85.71,64.73,36.00,38.89,37.16,45.00,45.00,0.00,25.00,68.75,28.12,50.00,50.00,59.09,0.00,0.00,40.00,12.00,14.29,14.29,0.00,0.00,18.18,16.67,17.27,0.00,0.00,100.00,100.00,100.00,0.00,50.00,16.00,0.00,25.00,0.00,12.30,6.25,60.00,36.67,27.83,0.00,0.00,31.48,33.33,0.00,80.00,0.00,100.00,0.00,38.00,75.00,75.00,45.40,37.93,,
1410.00,Education,Schools,Lower Subansiri,Ziro,Hari,27.58,93.84,0.25,0.25,0.60,0.00,0.00,0.60,1.00,0.00,1.00,0.62,0.86,0.76,0.17,0.50,0.00,0.00,0.00,0.00,0.25,0.00,0.00,1.00,0.00,0.00,0.00,0.00,0.00,0.14,0.71,0.36,0.17,0.00,1.00,0.40,1.00,1.00,0.00,0.00,0.20,0.00,0.25,1.00,0.03,0.60,0.67,0.17,0.00,0.33,0.00,1.00,0.75,1.00,1.00,0.50,0.75,25.00,25.00,60.00,0.00,0.00,22.00,100.00,0.00,100.00,80.00,45.20,62.50,85.71,74.11,76.00,16.67,52.27,45.00,45.00,0.00,25.00,0.00,7.50,50.00,50.00,0.00,0.00,0.00,60.00,18.00,14.29,14.29,71.43,71.43,36.36,16.67,24.55,0.00,0.00,76.00,100.00,90.40,0.00,0.00,20.00,0.00,25.00,100.00,31.00,3.25,60.00,36.67,26.63,0.00,0.00,35.40,33.33,0.00,90.00,100.00,100.00,50.00,59.00,75.00,75.00,62.20,48.21,,
1511.00,Education,Schools,Shi-Yomi,Monigong,Karle,28.74,94.30,0.25,0.25,0.98,0.00,0.00,0.20,0.00,0.00,1.00,0.88,0.86,0.20,0.11,0.00,0.00,1.00,0.00,0.00,0.25,0.00,0.00,0.00,0.00,0.00,0.00,0.00,0.00,0.14,0.14,0.36,0.33,0.00,0.00,0.00,0.00,0.00,0.00,0.00,0.18,0.00,0.25,0.00,0.05,0.40,0.67,0.50,0.00,0.33,0.00,1.00,1.00,1.00,1.00,0.17,1.00,25.00,25.00,98.00,0.00,0.00,29.60,0.00,0.00,100.00,50.00,37.76,87.50,85.71,86.61,20.00,11.11,16.44,0.00,0.00,40.00,25.00,0.00,23.50,0.00,0.00,0.00,0.00,0.00,20.00,6.00,14.29,14.29,14.29,14.29,36.36,33.33,34.55,0.00,0.00,0.00,0.00,0.00,0.00,0.00,18.00,0.00,25.00,0.00,10.40,5.25,40.00,56.67,25.43,0.00,0.00,14.64,33.33,0.00,100.00,100.00,100.00,16.67,53.33,100.00,100.00,62.67,39.54,,
1840.00,Education,Schools,Lower Subansiri,Pistana,Did,27.60,93.67,0.25,0.50,0.80,0.00,0.00,0.40,1.00,0.00,1.00,0.88,0.86,0.60,0.06,0.50,0.00,1.00,1.00,0.00,0.25,1.00,0.12,0.00,0.00,0.00,0.00,0.00,0.00,0.14,0.86,0.36,0.33,0.00,0.00,0.00,1.00,1.00,0.00,0.00,0.20,1.00,0.25,0.00,0.09,0.60,0.67,0.17,0.00,0.33,0.00,1.00,0.75,1.00,1.00,0.00,0.75,25.00,50.00,80.00,0.00,0.00,31.00,100.00,0.00,100.00,80.00,50.60,87.50,85.71,86.61,60.00,5.56,38.22,45.00,45.00,70.00,25.00,56.25,52.38,0.00,0.00,0.00,0.00,0.00,40.00,12.00,14.29,14.29,85.71,85.71,36.36,33.33,34.55,0.00,0.00,0.00,100.00,60.00,0.00,0.00,20.00,100.00,25.00,0.00,16.00,9.00,60.00,36.67,28.93,0.00,0.00,30.37,33.33,0.00,90.00,100.00,100.00,0.00,49.00,75.00,75.00,54.20,45.79,,
1856.00,Education,Schools,Lower Subansiri,Pistana,Did,27.59,93.67,0.25,0.50,0.96,0.00,0.00,0.40,1.00,0.00,1.00,0.62,0.86,0.60,0.67,0.50,0.00,1.00,1.00,0.00,0.25,1.00,0.38,1.00,0.00,0.36,1.00,0.00,0.00,0.14,0.00,0.18,0.17,1.00,1.00,0.00,1.00,1.00,1.00,0.50,0.16,0.00,0.25,0.00,0.25,0.80,0.67,0.17,0.00,0.33,1.00,1.00,0.25,1.00,1.00,0.00,1.00,25.00,50.00,96.00,0.00,0.00,34.20,100.00,0.00,100.00,80.00,52.52,62.50,85.71,74.11,60.00,66.67,62.67,45.00,45.00,70.00,25.00,68.75,56.12,50.00,50.00,68.18,0.00,0.00,40.00,12.00,14.29,14.29,0.00,0.00,18.18,16.67,17.27,100.00,100.00,60.00,100.00,84.00,100.00,50.00,16.00,0.00,25.00,0.00,32.30,25.00,80.00,36.67,41.33,0.00,0.00,43.23,33.33,100.00,70.00,100.00,100.00,0.00,57.00,100.00,100.00,65.60,54.31,,
1876.00,Education,Schools,Lower Subansiri,Ziro,Hija,27.58,93.83,0.25,0.75,0.80,0.00,0.00,0.60,1.00,0.25,1.00,0.88,0.86,0.72,0.33,0.50,0.00,1.00,0.00,0.00,0.25,0.00,0.00,0.00,0.00,0.00,0.00,0.00,0.00,0.14,0.71,0.36,0.33,1.00,0.00,0.00,0.00,0.00,0.00,0.00,0.24,1.00,0.50,1.00,0.23,0.60,0.67,0.17,1.00,0.33,1.00,0.00,0.00,1.00,1.00,0.00,0.75,25.00,75.00,80.00,0.00,0.00,36.00,100.00,25.00,100.00,85.00,55.60,87.50,85.71,86.61,72.00,33.33,56.53,45.00,45.00,40.00,25.00,0.00,23.50,0.00,0.00,0.00,0.00,0.00,60.00,18.00,14.29,14.29,71.43,71.43,36.36,33.33,34.55,100.00,100.00,0.00,0.00,0.00,0.00,0.00,24.00,100.00,50.00,100.00,42.20,23.38,60.00,36.67,34.68,100.00,100.00,40.25,33.33,100.00,0.00,100.00,100.00,0.00,50.00,75.00,75.00,55.00,50.79,,
3534.00,Education,Schools,East Siang,Pasighat,Boyng,28.06,95.29,0.25,1.00,0.00,0.00,0.00,1.00,1.00,0.25,1.00,0.69,0.86,0.48,0.06,0.00,0.00,0.00,0.00,0.00,0.25,0.00,0.00,1.00,0.00,0.00,0.00,0.00,0.00,0.14,0.00,0.36,0.17,0.00,1.00,0.00,1.00,1.00,1.00,0.00,0.16,0.00,0.25,0.00,0.03,0.60,0.67,0.17,0.00,0.33,0.00,1.00,0.25,1.00,1.00,0.00,1.00,25.00,100.00,0.00,0.00,0.00,25.00,100.00,25.00,100.00,85.00,49.00,68.75,85.71,77.23,48.00,5.56,31.02,0.00,0.00,0.00,25.00,0.00,7.50,50.00,50.00,0.00,0.00,0.00,100.00,30.00,14.29,14.29,0.00,0.00,36.36,16.67,24.55,0.00,0.00,60.00,100.00,84.00,100.00,0.00,16.00,0.00,25.00,0.00,29.80,3.12,60.00,36.67,26.58,0.00,0.00,25.52,33.33,0.00,70.00,100.00,100.00,0.00,47.00,100.00,100.00,57.60,44.97,,
3535.00,Education,Schools,East Siang,Pasighat,Balek,28.06,95.29,0.25,1.00,0.60,0.00,0.00,1.00,1.00,0.25,1.00,0.72,0.86,0.60,0.28,0.00,0.00,0.00,0.00,0.00,0.25,0.00,0.00,1.00,1.00,0.00,0.00,0.00,0.00,0.14,0.00,0.36,0.17,0.00,1.00,0.00,1.00,1.00,1.00,0.00,0.10,0.00,0.25,1.00,0.16,0.40,0.67,0.17,0.00,0.33,0.00,1.00,0.75,1.00,1.00,0.00,0.75,25.00,100.00,60.00,0.00,0.00,37.00,100.00,25.00,100.00,85.00,56.20,71.88,85.71,78.79,60.00,27.78,47.11,0.00,0.00,0.00,25.00,0.00,7.50,100.00,100.00,0.00,0.00,0.00,100.00,30.00,14.29,14.29,0.00,0.00,36.36,16.67,24.55,0.00,0.00,60.00,100.00,84.00,100.00,0.00,10.00,0.00,25.00,100.00,48.00,16.00,40.00,36.67,25.73,0.00,0.00,33.98,33.33,0.00,90.00,100.00,100.00,0.00,49.00,75.00,75.00,54.20,48.83,,
750.00,Education,Schools,Papumpare,Banderdewa,Karsingsa Complex,27.12,93.78,0.25,0.50,0.80,0.00,0.00,0.00,1.00,0.25,1.00,1.00,0.86,0.44,0.11,0.33,0.00,1.00,0.00,0.00,0.25,1.00,1.00,1.00,0.00,0.00,0.00,0.00,0.00,0.14,0.43,0.36,0.33,0.00,1.00,0.40,1.00,1.00,0.00,0.50,0.08,0.00,0.25,0.00,0.54,0.80,0.67,0.17,0.00,0.33,0.00,1.00,0.75,1.00,1.00,0.00,0.75,25.00,50.00,80.00,0.00,0.00,31.00,100.00,25.00,100.00,85.00,52.60,100.00,85.71,92.86,44.00,11.11,30.84,30.00,30.00,40.00,25.00,100.00,53.50,50.00,50.00,0.00,0.00,0.00,0.00,0.00,14.29,14.29,42.86,42.86,36.36,33.33,34.55,0.00,0.00,76.00,100.00,90.40,0.00,50.00,8.00,0.00,25.00,0.00,9.90,53.75,80.00,36.67,52.83,0.00,0.00,32.87,33.33,0.00,90.00,100.00,100.00,0.00,49.00,75.00,75.00,54.20,47.24,,
771.00,Education,Schools,Lohit,Tezu,Laboliang,27.98,96.18,0.25,1.00,1.00,0.00,0.00,0.80,1.00,0.50,1.00,0.88,0.86,0.36,0.17,0.50,0.00,1.00,0.00,0.00,0.25,0.00,0.00,1.00,0.00,0.36,0.67,0.00,0.00,0.14,0.43,0.36,0.33,1.00,0.00,0.00,0.00,0.00,1.00,0.50,0.36,0.00,0.25,1.00,0.09,0.60,0.67,0.17,1.00,0.33,0.00,1.00,0.75,1.00,1.00,0.17,0.75,25.00,100.00,100.00,0.00,0.00,45.00,100.00,50.00,100.00,90.00,63.00,87.50,85.71,86.61,36.00,16.67,28.27,45.00,45.00,40.00,25.00,0.00,23.50,50.00,50.00,51.52,0.00,0.00,80.00,24.00,14.29,14.29,42.86,42.86,36.36,33.33,34.55,100.00,100.00,0.00,0.00,0.00,100.00,50.00,36.00,0.00,25.00,100.00,58.30,9.25,60.00,36.67,29.03,100.00,100.00,45.20,33.33,0.00,90.00,100.00,100.00,16.67,52.33,75.00,75.00,56.87,55.51,,
778.00,Education,Schools,Lower Dibang Valley,Dambuk,Bomjir,28.16,95.67,0.25,1.00,0.80,0.00,0.00,0.40,1.00,0.25,1.00,0.00,0.86,0.28,0.06,0.50,0.00,0.00,0.00,0.00,0.25,0.00,0.00,0.00,0.00,0.00,0.00,0.00,0.00,0.14,0.71,0.36,0.33,0.00,1.00,0.20,1.00,1.00,0.00,0.00,0.16,0.00,0.25,0.00,0.07,0.20,0.67,0.17,0.00,0.33,0.00,1.00,0.25,1.00,1.00,0.17,0.75,25.00,100.00,80.00,0.00,0.00,41.00,100.00,25.00,100.00,85.00,58.60,0.00,85.71,42.86,28.00,5.56,19.02,45.00,45.00,0.00,25.00,0.00,7.50,0.00,0.00,0.00,0.00,0.00,40.00,12.00,14.29,14.29,71.43,71.43,36.36,33.33,34.55,0.00,0.00,68.00,100.00,87.20,0.00,0.00,16.00,0.00,25.00,0.00,9.80,7.00,20.00,36.67,16.13,0.00,0.00,23.41,33.33,0.00,70.00,100.00,100.00,16.67,50.33,75.00,75.00,55.27,46.88,,
786.00,Education,Schools,West Kameng,Shergaon,Shergaon,27.12,92.26,0.25,1.00,0.00,0.00,0.00,0.40,1.00,0.50,0.22,0.75,0.86,0.44,0.72,0.50,0.00,1.00,1.00,1.00,0.50,0.00,0.00,1.00,0.00,0.00,0.00,0.00,0.00,0.14,0.71,0.36,0.33,0.00,1.00,0.80,1.00,1.00,0.00,0.50,0.16,0.00,0.25,0.00,0.13,0.60,0.67,0.17,1.00,0.33,0.00,1.00,0.75,1.00,1.00,1.00,0.75,25.00,100.00,0.00,0.00,0.00,25.00,100.00,50.00,22.22,51.11,35.44,75.00,85.71,80.36,44.00,72.22,55.29,45.00,45.00,100.00,50.00,0.00,55.00,50.00,50.00,0.00,0.00,0.00,40.00,12.00,14.29,14.29,71.43,71.43,36.36,33.33,34.55,0.00,0.00,92.00,100.00,96.80,0.00,50.00,16.00,0.00,25.00,0.00,12.30,12.75,60.00,36.67,30.43,100.00,100.00,42.73,33.33,0.00,90.00,100.00,100.00,100.00,69.00,75.00,75.00,70.20,49.79,,
791.00,Education,Schools,Lohit,Tezu,Laboliang,27.99,96.18,0.25,0.50,0.60,0.25,0.00,0.80,1.00,0.50,1.00,0.69,0.86,0.64,0.33,0.00,0.00,1.00,0.00,1.00,0.25,1.00,0.12,1.00,0.00,0.36,1.00,0.00,0.00,0.14,0.00,0.09,0.17,1.00,1.00,1.00,0.00,0.00,1.00,0.50,0.20,1.00,0.25,1.00,0.36,0.80,0.67,0.17,0.00,0.33,1.00,1.00,0.75,1.00,1.00,0.83,0.75,25.00,50.00,60.00,25.00,0.00,34.50,100.00,50.00,100.00,90.00,56.70,68.75,85.71,77.23,64.00,33.33,51.73,0.00,0.00,70.00,25.00,56.25,52.38,50.00,50.00,68.18,0.00,0.00,80.00,24.00,14.29,14.29,0.00,0.00,9.09,16.67,13.64,100.00,100.00,100.00,0.00,40.00,100.00,50.00,20.00,100.00,25.00,100.00,58.50,35.62,80.00,36.67,45.58,0.00,0.00,38.47,33.33,100.00,90.00,100.00,100.00,83.33,75.67,75.00,75.00,75.53,57.82,,
794.00,Education,Schools,Papumpare,Banderdewa,Kharsingsa Village,27.11,93.80,0.25,0.25,0.80,0.00,0.33,0.60,1.00,0.00,1.00,0.62,0.86,0.44,0.06,0.17,0.00,0.00,0.00,0.00,0.25,1.00,0.50,0.00,0.00,0.00,0.00,0.00,0.00,0.14,0.43,0.36,0.33,0.00,1.00,0.00,1.00,1.00,0.00,0.00,0.16,0.00,0.25,0.00,0.20,0.60,0.67,0.17,1.00,0.33,0.00,1.00,1.00,1.00,1.00,0.00,0.75,25.00,25.00,80.00,0.00,33.33,29.33,100.00,0.00,100.00,80.00,49.60,62.50,85.71,74.11,44.00,5.56,28.62,15.00,15.00,0.00,25.00,75.00,30.00,0.00,0.00,0.00,0.00,0.00,60.00,18.00,14.29,14.29,42.86,42.86,36.36,33.33,34.55,0.00,0.00,60.00,100.00,84.00,0.00,0.00,16.00,0.00,25.00,0.00,9.80,20.25,60.00,36.67,33.43,100.00,100.00,28.63,33.33,0.00,100.00,100.00,100.00,0.00,50.00,75.00,75.00,55.00,45.20,,
856.00,Education,Schools,Papumpare,Gumto,Gumto-i,27.14,93.80,1.00,1.00,1.00,0.00,0.00,0.00,0.00,0.00,1.00,0.62,0.86,0.36,0.06,0.00,0.00,0.00,0.00,0.00,0.25,0.00,0.00,0.00,0.00,0.00,0.00,0.00,0.00,0.14,0.00,0.36,0.33,0.00,0.00,0.00,1.00,0.00,0.00,0.50,0.14,0.00,0.25,0.00,0.07,0.20,0.67,0.17,0.00,0.33,0.00,1.00,0.25,0.00,1.00,0.00,0.75,100.00,100.00,100.00,0.00,0.00,60.00,0.00,0.00,100.00,50.00,56.00,62.50,85.71,74.11,36.00,5.56,23.82,0.00,0.00,0.00,25.00,0.00,7.50,0.00,0.00,0.00,0.00,0.00,0.00,0.00,14.29,14.29,0.00,0.00,36.36,33.33,34.55,0.00,0.00,0.00,60.00,36.00,0.00,50.00,14.00,0.00,25.00,0.00,11.70,6.88,20.00,36.67,16.08,0.00,0.00,14.41,33.33,0.00,70.00,0.00,100.00,0.00,37.00,75.00,75.00,44.60,39.53,,
1031.00,Education,Schools,Changlang,Changlang,Changlang (CT),27.13,95.70,0.25,1.00,0.00,0.00,0.67,0.80,1.00,0.25,1.00,0.78,0.86,0.32,0.11,0.50,0.00,1.00,1.00,1.00,0.25,0.00,0.00,1.00,0.00,0.00,0.00,0.00,0.00,0.14,0.71,0.36,0.33,0.00,1.00,0.40,1.00,1.00,1.00,0.00,0.16,0.00,0.25,0.00,0.09,0.40,0.67,0.17,0.00,0.33,0.00,1.00,0.75,1.00,1.00,0.17,0.75,25.00,100.00,0.00,0.00,66.67,31.67,100.00,25.00,100.00,85.00,53.00,78.12,85.71,81.92,32.00,11.11,23.64,45.00,45.00,100.00,25.00,0.00,47.50,50.00,50.00,0.00,0.00,0.00,80.00,24.00,14.29,14.29,71.43,71.43,36.36,33.33,34.55,0.00,0.00,76.00,100.00,90.40,100.00,0.00,16.00,0.00,25.00,0.00,29.80,8.75,40.00,36.67,22.83,0.00,0.00,35.92,33.33,0.00,90.00,100.00,100.00,16.67,52.33,75.00,75.00,56.87,49.23,,
1055.00,Education,Schools,East Siang,Pasighat,Rengging,28.14,95.27,0.25,1.00,0.80,0.00,0.00,0.00,1.00,0.00,1.00,0.62,0.86,0.12,0.00,0.50,0.00,1.00,1.00,1.00,0.25,1.00,0.88,1.00,0.00,0.00,0.00,0.00,0.00,0.14,0.43,0.36,0.17,0.00,0.00,0.00,1.00,0.00,0.00,0.00,0.08,0.00,0.25,0.00,0.02,0.20,0.67,0.17,0.00,0.33,0.00,0.00,0.00,1.00,1.00,0.00,1.00,25.00,100.00,80.00,0.00,0.00,41.00,100.00,0.00,100.00,80.00,56.60,62.50,85.71,74.11,12.00,0.00,7.20,45.00,45.00,100.00,25.00,93.75,75.62,50.00,50.00,0.00,0.00,0.00,0.00,0.00,14.29,14.29,42.86,42.86,36.36,16.67,24.55,0.00,0.00,0.00,60.00,36.00,0.00,0.00,8.00,0.00,25.00,0.00,7.40,2.12,20.00,36.67,14.18,0.00,0.00,26.27,33.33,0.00,0.00,100.00,100.00,0.00,40.00,100.00,100.00,52.00,45.89,,
1922.00,Education,Schools,Lower Subansiri,Ziro,Hong,27.56,93.85,0.50,1.00,0.00,0.00,0.00,0.60,1.00,0.50,0.31,0.58,0.86,0.68,0.11,0.50,0.00,1.00,1.00,1.00,0.25,1.00,0.88,1.00,0.00,0.00,0.00,0.00,0.00,0.14,0.43,0.36,0.33,1.00,1.00,0.40,1.00,1.00,0.00,0.00,0.20,1.00,0.25,0.00,0.08,0.60,0.67,0.17,0.00,0.33,0.00,1.00,0.25,1.00,1.00,0.50,0.75,50.00,100.00,0.00,0.00,0.00,30.00,100.00,50.00,31.11,55.56,40.22,58.33,85.71,72.02,68.00,11.11,45.24,45.00,45.00,100.00,25.00,93.75,75.62,50.00,50.00,0.00,0.00,0.00,60.00,18.00,14.29,14.29,42.86,42.86,36.36,33.33,34.55,100.00,100.00,76.00,100.00,90.40,0.00,0.00,20.00,100.00,25.00,0.00,16.00,7.75,60.00,36.67,28.43,0.00,0.00,41.16,33.33,0.00,70.00,100.00,100.00,50.00,57.00,75.00,75.00,60.60,47.64,,
